연번,위도,경도,보호구역아이디,시군구명,대상시설명,관할경찰서명,데이터기준일자
1,37.438489,127.168382,성남-01-001,성남시 중원구,중원초등학교,성남중원경찰서,2022-08-11
2,37.439075,127.168028,성남-01-001,성남시 중원구,중원초등학교,성남중원경찰서,2022-08-11
3,37.439039,127.168039,성남-01-001,성남시 중원구,중원초등학교,성남중원경찰서,2022-08-11
4,37.439023,127.167779,성남-01-001,성남시 중원구,중원초등학교,성남중원경찰서,2022-08-11
5,37.438545,127.166558,성남-01-001,성남시 중원구,중원초등학교,성남중원경찰서,2022-08-11
6,37.438491,127.166524,성남-01-001,성남시 중원구,중원초등학교,성남중원경찰서,2022-08-11
7,37.438392,127.166583,성남-01-001,성남시 중원구,중원초등학교,성남중원경찰서,2022-08-11
8,37.438171,127.166712,성남-01-001,성남시 중원구,중원초등학교,성남중원경찰서,2022-08-11
9,37.437508,127.167109,성남-01-001,성남시 중원구,중원초등학교,성남중원경찰서,2022-08-11
10,37.436952,127.167461,성남-01-001,성남시 중원구,중원초등학교,성남중원경찰서,2022-08-11
11,37.447151,127.168778,성남-01-002,성남시 중원구,하원초등학교,성남중원경찰서,2022-08-25
12,37.447285,127.169529,성남-01-002,성남시 중원구,하원초등학교,성남중원경찰서,2022-08-25
13,37.447303,127.169611,성남-01-002,성남시 중원구,하원초등학교,성남중원경찰서,2022-08-25
14,37.447366,127.169665,성남-01-002,성남시 중원구,하원초등학교,성남중원경찰서,2022-08-25
15,37.447359,127.169917,성남-01-002,성남시 중원구,하원초등학교,성남중원경찰서,2022-08-25
16,37.447871,127.172311,성남-01-002,성남시 중원구,하원초등학교,성남중원경찰서,2022-08-25
17,37.447038,127.169356,성남-01-002,성남시 중원구,하원초등학교,성남중원경찰서,2022-08-25
18,37.446865,127.169048,성남-01-002,성남시 중원구,하원초등학교,성남중원경찰서,2022-08-25
19,37.445821,127.169323,성남-01-002,성남시 중원구,하원초등학교,성남중원경찰서,2022-08-25
20,37.446031,127.169238,성남-01-002,성남시 중원구,하원초등학교,성남중원경찰서,2022-08-25
21,37.445745,127.167944,성남-01-002,성남시 중원구,하원초등학교,성남중원경찰서,2022-08-25
22,37.445783,127.167853,성남-01-002,성남시 중원구,하원초등학교,성남중원경찰서,2022-08-25
23,37.446921,127.168819,성남-01-002,성남시 중원구,하원초등학교,성남중원경찰서,2022-08-25
24,37.446973,127.169054,성남-01-002,성남시 중원구,하원초등학교,성남중원경찰서,2022-08-25
25,37.446761,127.168082,성남-01-002,성남시 중원구,하원초등학교,성남중원경찰서,2022-08-25
26,37.450108,127.166052,성남-01-003,성남시 중원구,중부초등학교,성남중원경찰서,2022-08-25
27,37.450845,127.166096,성남-01-003,성남시 중원구,중부초등학교,성남중원경찰서,2022-08-25
28,37.451275,127.167419,성남-01-003,성남시 중원구,중부초등학교,성남중원경찰서,2022-08-25
29,37.450966,127.166043,성남-01-003,성남시 중원구,중부초등학교,성남중원경찰서,2022-08-25
30,37.450913,127.165647,성남-01-003,성남시 중원구,중부초등학교,성남중원경찰서,2022-08-25
31,37.450989,127.166122,성남-01-003,성남시 중원구,중부초등학교,성남중원경찰서,2022-08-25
32,37.450757,127.166008,성남-01-003,성남시 중원구,중부초등학교,성남중원경찰서,2022-08-25
33,37.451418,127.165521,성남-01-003,성남시 중원구,중부초등학교,성남중원경찰서,2022-08-25
34,37.450981,127.165729,성남-01-003,성남시 중원구,중부초등학교,성남중원경찰서,2022-08-25
35,37.450855,127.165415,성남-01-003,성남시 중원구,중부초등학교,성남중원경찰서,2022-08-25
36,37.450788,127.165107,성남-01-003,성남시 중원구,중부초등학교,성남중원경찰서,2022-08-25
37,37.450102,127.162509,성남-01-003,성남시 중원구,중부초등학교,성남중원경찰서,2022-08-25
38,37.450106,127.162532,성남-01-003,성남시 중원구,중부초등학교,성남중원경찰서,2022-08-25
39,37.450482,127.164363,성남-01-003,성남시 중원구,중부초등학교,성남중원경찰서,2022-08-25
40,37.449838,127.166323,성남-01-003,성남시 중원구,중부초등학교,성남중원경찰서,2022-08-25
41,37.450058,127.166244,성남-01-003,성남시 중원구,중부초등학교,성남중원경찰서,2022-08-25
42,37.450031,127.166258,성남-01-003,성남시 중원구,중부초등학교,성남중원경찰서,2022-08-25
43,37.442842,127.180951,성남-01-004,성남시 중원구,상대원초등학교,성남중원경찰서,2022-08-04
44,37.442736,127.181202,성남-01-004,성남시 중원구,상대원초등학교,성남중원경찰서,2022-08-04
45,37.442736,127.181216,성남-01-004,성남시 중원구,상대원초등학교,성남중원경찰서,2022-08-04
46,37.443493,127.181224,성남-01-004,성남시 중원구,상대원초등학교,성남중원경찰서,2022-08-04
47,37.443921,127.179711,성남-01-004,성남시 중원구,상대원초등학교,성남중원경찰서,2022-08-04
48,37.442521,127.179081,성남-01-004,성남시 중원구,상대원초등학교,성남중원경찰서,2022-08-04
49,37.442509,127.179303,성남-01-004,성남시 중원구,상대원초등학교,성남중원경찰서,2022-08-04
50,37.441563,127.179211,성남-01-004,성남시 중원구,상대원초등학교,성남중원경찰서,2022-08-04
51,37.441611,127.179047,성남-01-004,성남시 중원구,상대원초등학교,성남중원경찰서,2022-08-04
52,37.441494,127.178962,성남-01-004,성남시 중원구,상대원초등학교,성남중원경찰서,2022-08-04
53,37.442861,127.180584,성남-01-004,성남시 중원구,상대원초등학교,성남중원경찰서,2022-08-04
54,37.442861,127.180569,성남-01-004,성남시 중원구,상대원초등학교,성남중원경찰서,2022-08-04
55,37.442854,127.180584,성남-01-004,성남시 중원구,상대원초등학교,성남중원경찰서,2022-08-04
56,37.442791,127.179434,성남-01-004,성남시 중원구,상대원초등학교,성남중원경찰서,2022-08-04
57,37.442444,127.180431,성남-01-004,성남시 중원구,상대원초등학교,성남중원경찰서,2022-08-04
58,37.442126,127.180545,성남-01-004,성남시 중원구,상대원초등학교,성남중원경찰서,2022-08-04
59,37.441451,127.180442,성남-01-004,성남시 중원구,상대원초등학교,성남중원경찰서,2022-08-04
60,37.441446,127.180459,성남-01-004,성남시 중원구,상대원초등학교,성남중원경찰서,2022-08-04
61,37.441451,127.180414,성남-01-004,성남시 중원구,상대원초등학교,성남중원경찰서,2022-08-04
62,37.441371,127.179527,성남-01-004,성남시 중원구,상대원초등학교,성남중원경찰서,2022-08-04
63,37.440725,127.179104,성남-01-004,성남시 중원구,상대원초등학교,성남중원경찰서,2022-08-04
64,37.441664,127.178083,성남-01-004,성남시 중원구,상대원초등학교,성남중원경찰서,2022-08-04
65,37.414017,127.156834,성남-01-005,성남시 중원구,도촌초등학교,성남중원경찰서,2022-08-04
66,37.413758,127.158332,성남-01-005,성남시 중원구,도촌초등학교,성남중원경찰서,2022-08-04
67,37.414274,127.158718,성남-01-005,성남시 중원구,도촌초등학교,성남중원경찰서,2022-08-04
68,37.414834,127.159132,성남-01-005,성남시 중원구,도촌초등학교,성남중원경찰서,2022-08-04
69,37.415086,127.159307,성남-01-005,성남시 중원구,도촌초등학교,성남중원경찰서,2022-08-04
70,37.414658,127.159205,성남-01-005,성남시 중원구,도촌초등학교,성남중원경찰서,2022-08-04
71,37.414224,127.158933,성남-01-005,성남시 중원구,도촌초등학교,성남중원경찰서,2022-08-04
72,37.413392,127.159001,성남-01-005,성남시 중원구,도촌초등학교,성남중원경찰서,2022-08-04
73,37.413852,127.158641,성남-01-005,성남시 중원구,도촌초등학교,성남중원경찰서,2022-08-04
74,37.413741,127.158553,성남-01-005,성남시 중원구,도촌초등학교,성남중원경찰서,2022-08-04
75,37.334296,127.118297,성남-01-006,성남시 분당구,구미초등학교,분당경찰서,2022-08-26
76,37.335642,127.117582,성남-01-006,성남시 분당구,구미초등학교,분당경찰서,2022-08-26
77,37.335678,127.117554,성남-01-006,성남시 분당구,구미초등학교,분당경찰서,2022-08-26
78,37.335953,127.117738,성남-01-006,성남시 분당구,구미초등학교,분당경찰서,2022-08-26
79,37.335956,127.117735,성남-01-006,성남시 분당구,구미초등학교,분당경찰서,2022-08-26
80,37.335569,127.118064,성남-01-006,성남시 분당구,구미초등학교,분당경찰서,2022-08-26
81,37.336582,127.116982,성남-01-006,성남시 분당구,구미초등학교,분당경찰서,2022-08-26
82,37.336404,127.116692,성남-01-006,성남시 분당구,구미초등학교,분당경찰서,2022-08-26
83,37.336573,127.116495,성남-01-006,성남시 분당구,구미초등학교,분당경찰서,2022-08-26
84,37.337361,127.116013,성남-01-006,성남시 분당구,구미초등학교,분당경찰서,2022-08-26
85,37.340041,127.115952,성남-01-006,성남시 분당구,구미초등학교,분당경찰서,2022-08-26
86,37.337931,127.113475,성남-01-006,성남시 분당구,구미초등학교,분당경찰서,2022-08-26
87,37.337974,127.117016,성남-01-006,성남시 분당구,구미초등학교,분당경찰서,2022-08-26
88,37.337975,127.117901,성남-01-006,성남시 분당구,구미초등학교,분당경찰서,2022-08-26
89,37.338017,127.118861,성남-01-006,성남시 분당구,구미초등학교,분당경찰서,2022-08-26
90,37.338968,127.120338,성남-01-006,성남시 분당구,구미초등학교,분당경찰서,2022-08-26
91,37.338291,127.118851,성남-01-006,성남시 분당구,구미초등학교,분당경찰서,2022-08-26
92,37.338254,127.118229,성남-01-006,성남시 분당구,구미초등학교,분당경찰서,2022-08-26
93,37.338255,127.117462,성남-01-006,성남시 분당구,구미초등학교,분당경찰서,2022-08-26
94,37.337941,127.118954,성남-01-006,성남시 분당구,구미초등학교,분당경찰서,2022-08-26
95,37.337575,127.119131,성남-01-006,성남시 분당구,구미초등학교,분당경찰서,2022-08-26
96,37.337515,127.119131,성남-01-006,성남시 분당구,구미초등학교,분당경찰서,2022-08-26
97,37.337439,127.118958,성남-01-006,성남시 분당구,구미초등학교,분당경찰서,2022-08-26
98,37.337116,127.119121,성남-01-006,성남시 분당구,구미초등학교,분당경찰서,2022-08-26
99,37.336373,127.118757,성남-01-006,성남시 분당구,구미초등학교,분당경찰서,2022-08-26
100,37.336925,127.119083,성남-01-006,성남시 분당구,구미초등학교,분당경찰서,2022-08-26
101,37.336749,127.119009,성남-01-006,성남시 분당구,구미초등학교,분당경찰서,2022-08-26
102,37.335899,127.118078,성남-01-006,성남시 분당구,구미초등학교,분당경찰서,2022-08-26
103,37.373969,127.120168,성남-01-007,성남시 분당구,내정초등학교,분당경찰서,2022-08-29
104,37.373591,127.120579,성남-01-007,성남시 분당구,내정초등학교,분당경찰서,2022-08-29
105,37.372354,127.121994,성남-01-007,성남시 분당구,내정초등학교,분당경찰서,2022-08-29
106,37.372119,127.122236,성남-01-007,성남시 분당구,내정초등학교,분당경찰서,2022-08-29
107,37.373649,127.122044,성남-01-007,성남시 분당구,내정초등학교,분당경찰서,2022-08-29
108,37.372977,127.123065,성남-01-007,성남시 분당구,내정초등학교,분당경찰서,2022-08-29
109,37.408545,127.129227,성남-01-008,성남시 분당구,돌마초등학교,분당경찰서,2022-07-27
110,37.409509,127.129497,성남-01-008,성남시 분당구,돌마초등학교,분당경찰서,2022-07-27
111,37.409725,127.130045,성남-01-008,성남시 분당구,돌마초등학교,분당경찰서,2022-07-27
112,37.409665,127.130728,성남-01-008,성남시 분당구,돌마초등학교,분당경찰서,2022-07-27
113,37.409834,127.131358,성남-01-008,성남시 분당구,돌마초등학교,분당경찰서,2022-07-27
114,37.409732,127.132002,성남-01-008,성남시 분당구,돌마초등학교,분당경찰서,2022-07-27
115,37.409675,127.132369,성남-01-008,성남시 분당구,돌마초등학교,분당경찰서,2022-07-27
116,37.409606,127.131169,성남-01-008,성남시 분당구,돌마초등학교,분당경찰서,2022-07-27
117,37.350263,127.115824,성남-01-009,성남시 분당구,성남미금초등학교,분당경찰서,2022-08-17
118,37.349346,127.115911,성남-01-009,성남시 분당구,성남미금초등학교,분당경찰서,2022-08-17
119,37.348242,127.115914,성남-01-009,성남시 분당구,성남미금초등학교,분당경찰서,2022-08-17
120,37.347136,127.115918,성남-01-009,성남시 분당구,성남미금초등학교,분당경찰서,2022-08-17
121,37.346753,127.116276,성남-01-009,성남시 분당구,성남미금초등학교,분당경찰서,2022-08-17
122,37.347981,127.116275,성남-01-009,성남시 분당구,성남미금초등학교,분당경찰서,2022-08-17
123,37.349241,127.116272,성남-01-009,성남시 분당구,성남미금초등학교,분당경찰서,2022-08-17
124,37.349909,127.115906,성남-01-009,성남시 분당구,성남미금초등학교,분당경찰서,2022-08-17
125,37.346627,127.118355,성남-01-009,성남시 분당구,성남미금초등학교,분당경찰서,2022-08-17
126,37.346626,127.118906,성남-01-009,성남시 분당구,성남미금초등학교,분당경찰서,2022-08-17
127,37.346393,127.118465,성남-01-009,성남시 분당구,성남미금초등학교,분당경찰서,2022-08-17
128,37.346387,127.117111,성남-01-009,성남시 분당구,성남미금초등학교,분당경찰서,2022-08-17
129,37.346265,127.114907,성남-01-009,성남시 분당구,성남미금초등학교,분당경찰서,2022-08-17
130,37.369057,127.111715,성남-01-010,성남시 분당구,백현초등학교,분당경찰서,2022-08-25
131,37.371209,127.111648,성남-01-010,성남시 분당구,백현초등학교,분당경찰서,2022-08-25
132,37.371348,127.111941,성남-01-010,성남시 분당구,백현초등학교,분당경찰서,2022-08-25
133,37.371294,127.111705,성남-01-010,성남시 분당구,백현초등학교,분당경찰서,2022-08-25
134,37.371839,127.112289,성남-01-010,성남시 분당구,백현초등학교,분당경찰서,2022-08-25
135,37.371921,127.112099,성남-01-010,성남시 분당구,백현초등학교,분당경찰서,2022-08-25
136,37.372059,127.112236,성남-01-010,성남시 분당구,백현초등학교,분당경찰서,2022-08-25
137,37.372145,127.112366,성남-01-010,성남시 분당구,백현초등학교,분당경찰서,2022-08-25
138,37.373211,127.113875,성남-01-010,성남시 분당구,백현초등학교,분당경찰서,2022-08-25
139,37.373978,127.112702,성남-01-010,성남시 분당구,백현초등학교,분당경찰서,2022-08-25
140,37.373065,127.111442,성남-01-010,성남시 분당구,백현초등학교,분당경찰서,2022-08-25
141,37.372754,127.111001,성남-01-010,성남시 분당구,백현초등학교,분당경찰서,2022-08-25
142,37.372431,127.110864,성남-01-010,성남시 분당구,백현초등학교,분당경찰서,2022-08-25
143,37.372251,127.110613,성남-01-010,성남시 분당구,백현초등학교,분당경찰서,2022-08-25
144,37.380048,127.128897,성남-01-011,성남시 분당구,분당초등학교,분당경찰서,2022-08-31
145,37.379891,127.129117,성남-01-011,성남시 분당구,분당초등학교,분당경찰서,2022-08-31
146,37.379813,127.129201,성남-01-011,성남시 분당구,분당초등학교,분당경찰서,2022-08-31
147,37.379679,127.129371,성남-01-011,성남시 분당구,분당초등학교,분당경찰서,2022-08-31
148,37.379176,127.130081,성남-01-011,성남시 분당구,분당초등학교,분당경찰서,2022-08-31
149,37.379101,127.130205,성남-01-011,성남시 분당구,분당초등학교,분당경찰서,2022-08-31
150,37.379053,127.130631,성남-01-011,성남시 분당구,분당초등학교,분당경찰서,2022-08-31
151,37.378631,127.131028,성남-01-011,성남시 분당구,분당초등학교,분당경찰서,2022-08-31
152,37.377864,127.131931,성남-01-011,성남시 분당구,분당초등학교,분당경찰서,2022-08-31
153,37.418869,127.130849,성남-01-012,성남시 중원구,성남여수초등학교,성남중원경찰서,2022-07-27
154,37.418908,127.132354,성남-01-012,성남시 중원구,성남여수초등학교,성남중원경찰서,2022-07-27
155,37.419191,127.132358,성남-01-012,성남시 중원구,성남여수초등학교,성남중원경찰서,2022-07-27
156,37.419627,127.132358,성남-01-012,성남시 중원구,성남여수초등학교,성남중원경찰서,2022-07-27
157,37.420069,127.132362,성남-01-012,성남시 중원구,성남여수초등학교,성남중원경찰서,2022-07-27
158,37.419944,127.132452,성남-01-012,성남시 중원구,성남여수초등학교,성남중원경찰서,2022-07-27
159,37.419942,127.132559,성남-01-012,성남시 중원구,성남여수초등학교,성남중원경찰서,2022-07-27
160,37.419872,127.132449,성남-01-012,성남시 중원구,성남여수초등학교,성남중원경찰서,2022-07-27
161,37.419827,127.132449,성남-01-012,성남시 중원구,성남여수초등학교,성남중원경찰서,2022-07-27
162,37.419782,127.132452,성남-01-012,성남시 중원구,성남여수초등학교,성남중원경찰서,2022-07-27
163,37.419433,127.132471,성남-01-012,성남시 중원구,성남여수초등학교,성남중원경찰서,2022-07-27
164,37.419147,127.132448,성남-01-012,성남시 중원구,성남여수초등학교,성남중원경찰서,2022-07-27
165,37.418871,127.132444,성남-01-012,성남시 중원구,성남여수초등학교,성남중원경찰서,2022-07-27
166,37.418876,127.132625,성남-01-012,성남시 중원구,성남여수초등학교,성남중원경찰서,2022-07-27
167,37.418864,127.133803,성남-01-012,성남시 중원구,성남여수초등학교,성남중원경찰서,2022-07-27
168,37.418573,127.136189,성남-01-012,성남시 중원구,성남여수초등학교,성남중원경찰서,2022-07-27
169,37.418383,127.136166,성남-01-012,성남시 중원구,성남여수초등학교,성남중원경찰서,2022-07-27
170,37.418832,127.134939,성남-01-012,성남시 중원구,성남여수초등학교,성남중원경찰서,2022-07-27
171,37.418679,127.134111,성남-01-012,성남시 중원구,성남여수초등학교,성남중원경찰서,2022-07-27
172,37.418674,127.133786,성남-01-012,성남시 중원구,성남여수초등학교,성남중원경찰서,2022-07-27
173,37.418692,127.132549,성남-01-012,성남시 중원구,성남여수초등학교,성남중원경찰서,2022-07-27
174,37.418692,127.132184,성남-01-012,성남시 중원구,성남여수초등학교,성남중원경찰서,2022-07-27
175,37.418692,127.131893,성남-01-012,성남시 중원구,성남여수초등학교,성남중원경찰서,2022-07-27
176,37.418693,127.131142,성남-01-012,성남시 중원구,성남여수초등학교,성남중원경찰서,2022-07-27
177,37.418696,127.130877,성남-01-012,성남시 중원구,성남여수초등학교,성남중원경찰서,2022-07-27
178,37.417464,127.134046,성남-01-012,성남시 중원구,성남여수초등학교,성남중원경찰서,2022-07-27
179,37.360317,127.115034,성남-01-013,성남시 분당구,탄천초등학교,분당경찰서,2022-08-17
180,37.361594,127.115022,성남-01-013,성남시 분당구,탄천초등학교,분당경찰서,2022-08-17
181,37.361826,127.114631,성남-01-013,성남시 분당구,탄천초등학교,분당경찰서,2022-08-17
182,37.363081,127.114629,성남-01-013,성남시 분당구,탄천초등학교,분당경찰서,2022-08-17
183,37.361786,127.114591,성남-01-013,성남시 분당구,탄천초등학교,분당경찰서,2022-08-17
184,37.405574,127.127698,성남-01-014,성남시 분당구,하탑초등학교,분당경찰서,2022-08-31
185,37.405578,127.127382,성남-01-014,성남시 분당구,하탑초등학교,분당경찰서,2022-08-31
186,37.405298,127.127144,성남-01-014,성남시 분당구,하탑초등학교,분당경찰서,2022-08-31
187,37.405307,127.126772,성남-01-014,성남시 분당구,하탑초등학교,분당경찰서,2022-08-31
188,37.405291,127.125007,성남-01-014,성남시 분당구,하탑초등학교,분당경찰서,2022-08-31
189,37.407214,127.125284,성남-01-014,성남시 분당구,하탑초등학교,분당경찰서,2022-08-31
190,37.407292,127.125536,성남-01-014,성남시 분당구,하탑초등학교,분당경찰서,2022-08-31
191,37.407257,127.125284,성남-01-014,성남시 분당구,하탑초등학교,분당경찰서,2022-08-31
192,37.409102,127.124831,성남-01-014,성남시 분당구,하탑초등학교,분당경찰서,2022-08-31
193,37.356874,127.106119,성남-01-015,성남시 분당구,늘푸른초등학교,분당경찰서,2022-08-25
194,37.357507,127.106106,성남-01-015,성남시 분당구,늘푸른초등학교,분당경찰서,2022-08-25
195,37.357649,127.106106,성남-01-015,성남시 분당구,늘푸른초등학교,분당경찰서,2022-08-25
196,37.357744,127.105881,성남-01-015,성남시 분당구,늘푸른초등학교,분당경찰서,2022-08-25
197,37.358338,127.106101,성남-01-015,성남시 분당구,늘푸른초등학교,분당경찰서,2022-08-25
198,37.358424,127.105876,성남-01-015,성남시 분당구,늘푸른초등학교,분당경찰서,2022-08-25
199,37.358548,127.105871,성남-01-015,성남시 분당구,늘푸른초등학교,분당경찰서,2022-08-25
200,37.359283,127.105868,성남-01-015,성남시 분당구,늘푸른초등학교,분당경찰서,2022-08-25
201,37.359728,127.106249,성남-01-015,성남시 분당구,늘푸른초등학교,분당경찰서,2022-08-25
202,37.360062,127.105785,성남-01-015,성남시 분당구,늘푸른초등학교,분당경찰서,2022-08-25
203,37.361585,127.105855,성남-01-015,성남시 분당구,늘푸른초등학교,분당경찰서,2022-08-25
204,37.396128,127.115208,성남-01-016,성남시 분당구,보평초등학교,분당경찰서,2022-07-27
205,37.396315,127.115597,성남-01-016,성남시 분당구,보평초등학교,분당경찰서,2022-07-27
206,37.396127,127.115696,성남-01-016,성남시 분당구,보평초등학교,분당경찰서,2022-07-27
207,37.395556,127.117021,성남-01-016,성남시 분당구,보평초등학교,분당경찰서,2022-07-27
208,37.397007,127.116622,성남-01-016,성남시 분당구,보평초등학교,분당경찰서,2022-07-27
209,37.394412,127.117019,성남-01-016,성남시 분당구,보평초등학교,분당경찰서,2022-07-27
210,37.394461,127.118555,성남-01-016,성남시 분당구,보평초등학교,분당경찰서,2022-07-27
211,37.396161,127.117174,성남-01-016,성남시 분당구,보평초등학교,분당경찰서,2022-07-27
212,37.391046,127.079376,성남-01-017,성남시 분당구,산운초등학교,분당경찰서,2022-09-02
213,37.390971,127.079364,성남-01-017,성남시 분당구,산운초등학교,분당경찰서,2022-09-02
214,37.390754,127.079406,성남-01-017,성남시 분당구,산운초등학교,분당경찰서,2022-09-02
215,37.390535,127.079999,성남-01-017,성남시 분당구,산운초등학교,분당경찰서,2022-09-02
216,37.390297,127.081021,성남-01-017,성남시 분당구,산운초등학교,분당경찰서,2022-09-02
217,37.390121,127.081627,성남-01-017,성남시 분당구,산운초등학교,분당경찰서,2022-09-02
218,37.390531,127.081512,성남-01-017,성남시 분당구,산운초등학교,분당경찰서,2022-09-02
219,37.389808,127.081351,성남-01-017,성남시 분당구,산운초등학교,분당경찰서,2022-09-02
220,37.389495,127.081039,성남-01-017,성남시 분당구,산운초등학교,분당경찰서,2022-09-02
221,37.388861,127.080821,성남-01-017,성남시 분당구,산운초등학교,분당경찰서,2022-09-02
222,37.388658,127.080991,성남-01-017,성남시 분당구,산운초등학교,분당경찰서,2022-09-02
223,37.388571,127.081109,성남-01-017,성남시 분당구,산운초등학교,분당경찰서,2022-09-02
224,37.388571,127.081109,성남-01-017,성남시 분당구,산운초등학교,분당경찰서,2022-09-02
225,37.388647,127.080079,성남-01-017,성남시 분당구,산운초등학교,분당경찰서,2022-09-02
226,37.389022,127.078185,성남-01-017,성남시 분당구,산운초등학교,분당경찰서,2022-09-02
227,37.389181,127.077403,성남-01-017,성남시 분당구,산운초등학교,분당경찰서,2022-09-02
228,37.389295,127.077421,성남-01-017,성남시 분당구,산운초등학교,분당경찰서,2022-09-02
229,37.389251,127.076305,성남-01-017,성남시 분당구,산운초등학교,분당경찰서,2022-09-02
230,37.389238,127.075737,성남-01-017,성남시 분당구,산운초등학교,분당경찰서,2022-09-02
231,37.389405,127.074727,성남-01-017,성남시 분당구,산운초등학교,분당경찰서,2022-09-02
232,37.389051,127.075568,성남-01-017,성남시 분당구,산운초등학교,분당경찰서,2022-09-02
233,37.388898,127.075508,성남-01-017,성남시 분당구,산운초등학교,분당경찰서,2022-09-02
234,37.389778,127.075569,성남-01-017,성남시 분당구,산운초등학교,분당경찰서,2022-09-02
235,37.389929,127.075577,성남-01-017,성남시 분당구,산운초등학교,분당경찰서,2022-09-02
236,37.391655,127.069681,성남-01-018,성남시 분당구,운중초등학교,분당경찰서,2022-09-01
237,37.391337,127.067135,성남-01-018,성남시 분당구,운중초등학교,분당경찰서,2022-09-01
238,37.390226,127.067995,성남-01-018,성남시 분당구,운중초등학교,분당경찰서,2022-09-01
239,37.391708,127.068132,성남-01-018,성남시 분당구,운중초등학교,분당경찰서,2022-09-01
240,37.392088,127.068191,성남-01-018,성남시 분당구,운중초등학교,분당경찰서,2022-09-01
241,37.392409,127.068002,성남-01-018,성남시 분당구,운중초등학교,분당경찰서,2022-09-01
242,37.392661,127.066388,성남-01-018,성남시 분당구,운중초등학교,분당경찰서,2022-09-01
243,37.392851,127.068635,성남-01-018,성남시 분당구,운중초등학교,분당경찰서,2022-09-01
244,37.393147,127.069434,성남-01-018,성남시 분당구,운중초등학교,분당경찰서,2022-09-01
245,37.393061,127.070188,성남-01-018,성남시 분당구,운중초등학교,분당경찰서,2022-09-01
246,37.392913,127.069142,성남-01-018,성남시 분당구,운중초등학교,분당경찰서,2022-09-01
247,37.391965,127.098446,성남-01-019,성남시 분당구,낙생초등학교,분당경찰서,2022-08-25
248,37.392018,127.099211,성남-01-019,성남시 분당구,낙생초등학교,분당경찰서,2022-08-25
249,37.391976,127.099864,성남-01-019,성남시 분당구,낙생초등학교,분당경찰서,2022-08-25
250,37.392564,127.098348,성남-01-019,성남시 분당구,낙생초등학교,분당경찰서,2022-08-25
251,37.392688,127.098572,성남-01-019,성남시 분당구,낙생초등학교,분당경찰서,2022-08-25
252,37.392779,127.098793,성남-01-019,성남시 분당구,낙생초등학교,분당경찰서,2022-08-25
253,37.392993,127.100801,성남-01-019,성남시 분당구,낙생초등학교,분당경찰서,2022-08-25
254,37.394641,127.098696,성남-01-019,성남시 분당구,낙생초등학교,분당경찰서,2022-08-25
255,37.394632,127.098361,성남-01-019,성남시 분당구,낙생초등학교,분당경찰서,2022-08-25
256,37.394637,127.100352,성남-01-019,성남시 분당구,낙생초등학교,분당경찰서,2022-08-25
257,37.394661,127.098099,성남-01-019,성남시 분당구,낙생초등학교,분당경찰서,2022-08-25
258,37.394813,127.100217,성남-01-019,성남시 분당구,낙생초등학교,분당경찰서,2022-08-25
259,37.395643,127.098055,성남-01-019,성남시 분당구,낙생초등학교,분당경찰서,2022-08-25
260,37.396128,127.097972,성남-01-019,성남시 분당구,낙생초등학교,분당경찰서,2022-08-25
261,37.386284,127.112339,성남-01-020,성남시 분당구,신백현초등학교,분당경찰서,2022-08-11
262,37.385791,127.111626,성남-01-020,성남시 분당구,신백현초등학교,분당경찰서,2022-08-11
263,37.386388,127.111016,성남-01-020,성남시 분당구,신백현초등학교,분당경찰서,2022-08-11
264,37.387851,127.110995,성남-01-020,성남시 분당구,신백현초등학교,분당경찰서,2022-08-11
265,37.387816,127.108767,성남-01-020,성남시 분당구,신백현초등학교,분당경찰서,2022-08-11
266,37.388094,127.112336,성남-01-020,성남시 분당구,신백현초등학교,분당경찰서,2022-08-11
267,37.388571,127.112675,성남-01-020,성남시 분당구,신백현초등학교,분당경찰서,2022-08-11
268,37.386309,127.113085,성남-01-020,성남시 분당구,신백현초등학교,분당경찰서,2022-08-11
269,37.387755,127.113181,성남-01-020,성남시 분당구,신백현초등학교,분당경찰서,2022-08-11
270,37.385961,127.112736,성남-01-020,성남시 분당구,신백현초등학교,분당경찰서,2022-08-11
271,37.388081,127.111834,성남-01-020,성남시 분당구,신백현초등학교,분당경찰서,2022-08-11
272,37.391261,127.116678,성남-01-021,성남시 분당구,성남화랑초등학교,분당경찰서,2022-08-29
273,37.388131,127.115621,성남-01-021,성남시 분당구,성남화랑초등학교,분당경찰서,2022-08-29
274,37.387857,127.114635,성남-01-021,성남시 분당구,성남화랑초등학교,분당경찰서,2022-08-29
275,37.389292,127.116489,성남-01-021,성남시 분당구,성남화랑초등학교,분당경찰서,2022-08-29
276,37.389826,127.116656,성남-01-021,성남시 분당구,성남화랑초등학교,분당경찰서,2022-08-29
277,37.387841,127.113367,성남-01-021,성남시 분당구,성남화랑초등학교,분당경찰서,2022-08-29
278,37.387791,127.114496,성남-01-021,성남시 분당구,성남화랑초등학교,분당경찰서,2022-08-29
279,37.461749,127.170654,성남-01-022,성남시 중원구,성남은행초등학교,성남중원경찰서,2022-08-04
280,37.461644,127.170609,성남-01-022,성남시 중원구,성남은행초등학교,성남중원경찰서,2022-08-04
281,37.461619,127.170674,성남-01-022,성남시 중원구,성남은행초등학교,성남중원경찰서,2022-08-04
282,37.461611,127.170682,성남-01-022,성남시 중원구,성남은행초등학교,성남중원경찰서,2022-08-04
283,37.461317,127.171068,성남-01-022,성남시 중원구,성남은행초등학교,성남중원경찰서,2022-08-04
284,37.461461,127.171476,성남-01-022,성남시 중원구,성남은행초등학교,성남중원경찰서,2022-08-04
285,37.461711,127.171799,성남-01-022,성남시 중원구,성남은행초등학교,성남중원경찰서,2022-08-04
286,37.461732,127.171714,성남-01-022,성남시 중원구,성남은행초등학교,성남중원경찰서,2022-08-04
287,37.461171,127.171151,성남-01-022,성남시 중원구,성남은행초등학교,성남중원경찰서,2022-08-04
288,37.460677,127.170496,성남-01-022,성남시 중원구,성남은행초등학교,성남중원경찰서,2022-08-04
289,37.460668,127.170488,성남-01-022,성남시 중원구,성남은행초등학교,성남중원경찰서,2022-08-04
290,37.460301,127.170151,성남-01-022,성남시 중원구,성남은행초등학교,성남중원경찰서,2022-08-04
291,37.460302,127.170024,성남-01-022,성남시 중원구,성남은행초등학교,성남중원경찰서,2022-08-04
292,37.460304,127.170007,성남-01-022,성남시 중원구,성남은행초등학교,성남중원경찰서,2022-08-04
293,37.460122,127.169718,성남-01-022,성남시 중원구,성남은행초등학교,성남중원경찰서,2022-08-04
294,37.460111,127.169718,성남-01-022,성남시 중원구,성남은행초등학교,성남중원경찰서,2022-08-04
295,37.459671,127.169223,성남-01-022,성남시 중원구,성남은행초등학교,성남중원경찰서,2022-08-04
296,37.459677,127.169211,성남-01-022,성남시 중원구,성남은행초등학교,성남중원경찰서,2022-08-04
297,37.460651,127.169293,성남-01-022,성남시 중원구,성남은행초등학교,성남중원경찰서,2022-08-04
298,37.460515,127.169081,성남-01-022,성남시 중원구,성남은행초등학교,성남중원경찰서,2022-08-04
299,37.460048,127.168451,성남-01-022,성남시 중원구,성남은행초등학교,성남중원경찰서,2022-08-04
300,37.461632,127.170583,성남-01-022,성남시 중원구,성남은행초등학교,성남중원경찰서,2022-08-04
301,37.435451,127.140041,성남-01-023,성남시 중원구,성남중앙초등학교,성남중원경찰서,2022-08-26
302,37.435971,127.141001,성남-01-023,성남시 중원구,성남중앙초등학교,성남중원경찰서,2022-08-26
303,37.436593,127.142117,성남-01-023,성남시 중원구,성남중앙초등학교,성남중원경찰서,2022-08-26
304,37.435835,127.142751,성남-01-023,성남시 중원구,성남중앙초등학교,성남중원경찰서,2022-08-26
305,37.435924,127.142689,성남-01-023,성남시 중원구,성남중앙초등학교,성남중원경찰서,2022-08-26
306,37.435426,127.143564,성남-01-023,성남시 중원구,성남중앙초등학교,성남중원경찰서,2022-08-26
307,37.436371,127.143048,성남-01-023,성남시 중원구,성남중앙초등학교,성남중원경찰서,2022-08-26
308,37.437191,127.142768,성남-01-023,성남시 중원구,성남중앙초등학교,성남중원경찰서,2022-08-26
309,37.436551,127.143411,성남-01-023,성남시 중원구,성남중앙초등학교,성남중원경찰서,2022-08-26
310,37.436602,127.143499,성남-01-023,성남시 중원구,성남중앙초등학교,성남중원경찰서,2022-08-26
311,37.437141,127.143111,성남-01-023,성남시 중원구,성남중앙초등학교,성남중원경찰서,2022-08-26
312,37.437638,127.143577,성남-01-023,성남시 중원구,성남중앙초등학교,성남중원경찰서,2022-08-26
313,37.441287,127.161381,성남-01-024,성남시 중원구,단남초등학교,성남중원경찰서,2022-08-22
314,37.441298,127.161559,성남-01-024,성남시 중원구,단남초등학교,성남중원경찰서,2022-08-22
315,37.441739,127.162181,성남-01-024,성남시 중원구,단남초등학교,성남중원경찰서,2022-08-22
316,37.441876,127.162357,성남-01-024,성남시 중원구,단남초등학교,성남중원경찰서,2022-08-22
317,37.442135,127.162199,성남-01-024,성남시 중원구,단남초등학교,성남중원경찰서,2022-08-22
318,37.442736,127.160613,성남-01-024,성남시 중원구,단남초등학교,성남중원경찰서,2022-08-22
319,37.442736,127.160613,성남-01-024,성남시 중원구,단남초등학교,성남중원경찰서,2022-08-22
320,37.442663,127.160505,성남-01-024,성남시 중원구,단남초등학교,성남중원경찰서,2022-08-22
321,37.442341,127.159641,성남-01-024,성남시 중원구,단남초등학교,성남중원경찰서,2022-08-22
322,37.441134,127.160561,성남-01-024,성남시 중원구,단남초등학교,성남중원경찰서,2022-08-22
323,37.441812,127.159902,성남-01-024,성남시 중원구,단남초등학교,성남중원경찰서,2022-08-22
324,37.442621,127.159079,성남-01-024,성남시 중원구,단남초등학교,성남중원경찰서,2022-08-22
325,37.436467,127.154423,성남-01-025,성남시 중원구,대원초등학교,성남중원경찰서,2022-08-31
326,37.436462,127.154999,성남-01-025,성남시 중원구,대원초등학교,성남중원경찰서,2022-08-31
327,37.436423,127.157254,성남-01-025,성남시 중원구,대원초등학교,성남중원경찰서,2022-08-31
328,37.436424,127.156508,성남-01-025,성남시 중원구,대원초등학교,성남중원경찰서,2022-08-31
329,37.437187,127.156532,성남-01-025,성남시 중원구,대원초등학교,성남중원경찰서,2022-08-31
330,37.437348,127.157581,성남-01-025,성남시 중원구,대원초등학교,성남중원경찰서,2022-08-31
331,37.437377,127.155756,성남-01-025,성남시 중원구,대원초등학교,성남중원경찰서,2022-08-31
332,37.437323,127.154145,성남-01-025,성남시 중원구,대원초등학교,성남중원경찰서,2022-08-31
333,37.438759,127.164951,성남-01-026,성남시 중원구,대일초등학교,성남중원경찰서,2022-08-11
334,37.439294,127.164175,성남-01-026,성남시 중원구,대일초등학교,성남중원경찰서,2022-08-11
335,37.439412,127.164009,성남-01-026,성남시 중원구,대일초등학교,성남중원경찰서,2022-08-11
336,37.438671,127.162953,성남-01-026,성남시 중원구,대일초등학교,성남중원경찰서,2022-08-11
337,37.437901,127.163827,성남-01-026,성남시 중원구,대일초등학교,성남중원경찰서,2022-08-11
338,37.430988,127.151158,성남-01-027,성남시 중원구,대하초등학교,성남중원경찰서,2022-09-01
339,37.431099,127.151107,성남-01-027,성남시 중원구,대하초등학교,성남중원경찰서,2022-09-01
340,37.431311,127.151043,성남-01-027,성남시 중원구,대하초등학교,성남중원경찰서,2022-09-01
341,37.431852,127.150826,성남-01-027,성남시 중원구,대하초등학교,성남중원경찰서,2022-09-01
342,37.431987,127.150781,성남-01-027,성남시 중원구,대하초등학교,성남중원경찰서,2022-09-01
343,37.432071,127.150742,성남-01-027,성남시 중원구,대하초등학교,성남중원경찰서,2022-09-01
344,37.432899,127.150385,성남-01-027,성남시 중원구,대하초등학교,성남중원경찰서,2022-09-01
345,37.431225,127.151299,성남-01-027,성남시 중원구,대하초등학교,성남중원경찰서,2022-09-01
346,37.431306,127.151277,성남-01-027,성남시 중원구,대하초등학교,성남중원경찰서,2022-09-01
347,37.431198,127.151317,성남-01-027,성남시 중원구,대하초등학교,성남중원경찰서,2022-09-01
348,37.430772,127.151635,성남-01-027,성남시 중원구,대하초등학교,성남중원경찰서,2022-09-02
349,37.430863,127.152223,성남-01-027,성남시 중원구,대하초등학교,성남중원경찰서,2022-09-01
350,37.430886,127.152132,성남-01-027,성남시 중원구,대하초등학교,성남중원경찰서,2022-09-01
351,37.430417,127.152399,성남-01-027,성남시 중원구,대하초등학교,성남중원경찰서,2022-09-01
352,37.431168,127.153525,성남-01-027,성남시 중원구,대하초등학교,성남중원경찰서,2022-09-01
353,37.430772,127.151635,성남-01-027,성남시 중원구,대하초등학교,성남중원경찰서,2022-09-01
354,37.430402,127.151572,성남-01-027,성남시 중원구,대하초등학교,성남중원경찰서,2022-09-01
355,37.436688,127.146904,성남-01-028,성남시 중원구,성남제일초등학교,성남중원경찰서,2022-08-31
356,37.436688,127.146904,성남-01-028,성남시 중원구,성남제일초등학교,성남중원경찰서,2022-08-31
357,37.436798,127.147153,성남-01-028,성남시 중원구,성남제일초등학교,성남중원경찰서,2022-08-31
358,37.436798,127.147153,성남-01-028,성남시 중원구,성남제일초등학교,성남중원경찰서,2022-08-31
359,37.436834,127.147235,성남-01-028,성남시 중원구,성남제일초등학교,성남중원경찰서,2022-08-31
360,37.436869,127.147173,성남-01-028,성남시 중원구,성남제일초등학교,성남중원경찰서,2022-08-31
361,37.436976,127.147421,성남-01-028,성남시 중원구,성남제일초등학교,성남중원경찰서,2022-08-31
362,37.436985,127.147451,성남-01-028,성남시 중원구,성남제일초등학교,성남중원경찰서,2022-08-31
363,37.437189,127.148046,성남-01-028,성남시 중원구,성남제일초등학교,성남중원경찰서,2022-08-31
364,37.437221,127.147984,성남-01-028,성남시 중원구,성남제일초등학교,성남중원경찰서,2022-08-31
365,37.437416,127.148558,성남-01-028,성남시 중원구,성남제일초등학교,성남중원경찰서,2022-08-31
366,37.437405,127.148531,성남-01-028,성남시 중원구,성남제일초등학교,성남중원경찰서,2022-08-31
367,37.437148,127.148851,성남-01-028,성남시 중원구,성남제일초등학교,성남중원경찰서,2022-08-31
368,37.437078,127.148862,성남-01-028,성남시 중원구,성남제일초등학교,성남중원경찰서,2022-08-31
369,37.437012,127.149049,성남-01-028,성남시 중원구,성남제일초등학교,성남중원경찰서,2022-08-31
370,37.437064,127.149021,성남-01-028,성남시 중원구,성남제일초등학교,성남중원경찰서,2022-08-31
371,37.437012,127.149049,성남-01-028,성남시 중원구,성남제일초등학교,성남중원경찰서,2022-08-31
372,37.437012,127.149049,성남-01-028,성남시 중원구,성남제일초등학교,성남중원경찰서,2022-08-31
373,37.436762,127.149113,성남-01-028,성남시 중원구,성남제일초등학교,성남중원경찰서,2022-08-31
374,37.436401,127.149369,성남-01-028,성남시 중원구,성남제일초등학교,성남중원경찰서,2022-08-31
375,37.436289,127.149406,성남-01-028,성남시 중원구,성남제일초등학교,성남중원경찰서,2022-08-31
376,37.436319,127.149551,성남-01-028,성남시 중원구,성남제일초등학교,성남중원경찰서,2022-08-31
377,37.436083,127.149716,성남-01-028,성남시 중원구,성남제일초등학교,성남중원경찰서,2022-08-31
378,37.436083,127.149716,성남-01-028,성남시 중원구,성남제일초등학교,성남중원경찰서,2022-08-31
379,37.436198,127.149634,성남-01-028,성남시 중원구,성남제일초등학교,성남중원경찰서,2022-08-31
380,37.436705,127.149265,성남-01-028,성남시 중원구,성남제일초등학교,성남중원경찰서,2022-08-31
381,37.437461,127.148761,성남-01-028,성남시 중원구,성남제일초등학교,성남중원경찰서,2022-08-31
382,37.437517,127.148773,성남-01-028,성남시 중원구,성남제일초등학교,성남중원경찰서,2022-08-31
383,37.437517,127.148773,성남-01-028,성남시 중원구,성남제일초등학교,성남중원경찰서,2022-08-31
384,37.437562,127.148778,성남-01-028,성남시 중원구,성남제일초등학교,성남중원경찰서,2022-08-31
385,37.437558,127.148759,성남-01-028,성남시 중원구,성남제일초등학교,성남중원경찰서,2022-08-31
386,37.437651,127.149086,성남-01-028,성남시 중원구,성남제일초등학교,성남중원경찰서,2022-08-31
387,37.437691,127.149071,성남-01-028,성남시 중원구,성남제일초등학교,성남중원경찰서,2022-08-31
388,37.437586,127.149406,성남-01-028,성남시 중원구,성남제일초등학교,성남중원경찰서,2022-08-31
389,37.437586,127.149406,성남-01-028,성남시 중원구,성남제일초등학교,성남중원경찰서,2022-08-31
390,37.437647,127.149361,성남-01-028,성남시 중원구,성남제일초등학교,성남중원경찰서,2022-08-31
391,37.437692,127.149649,성남-01-028,성남시 중원구,성남제일초등학교,성남중원경찰서,2022-08-31
392,37.437703,127.149488,성남-01-028,성남시 중원구,성남제일초등학교,성남중원경찰서,2022-08-31
393,37.437731,127.149751,성남-01-028,성남시 중원구,성남제일초등학교,성남중원경찰서,2022-08-31
394,37.437731,127.149751,성남-01-028,성남시 중원구,성남제일초등학교,성남중원경찰서,2022-08-31
395,37.437772,127.150051,성남-01-028,성남시 중원구,성남제일초등학교,성남중원경찰서,2022-08-31
396,37.437835,127.149988,성남-01-028,성남시 중원구,성남제일초등학교,성남중원경찰서,2022-08-31
397,37.437835,127.149988,성남-01-028,성남시 중원구,성남제일초등학교,성남중원경찰서,2022-08-31
398,37.437841,127.150045,성남-01-028,성남시 중원구,성남제일초등학교,성남중원경찰서,2022-08-31
399,37.437936,127.150226,성남-01-028,성남시 중원구,성남제일초등학교,성남중원경찰서,2022-08-31
400,37.437929,127.150214,성남-01-028,성남시 중원구,성남제일초등학교,성남중원경찰서,2022-08-31
401,37.438418,127.150944,성남-01-028,성남시 중원구,성남제일초등학교,성남중원경찰서,2022-08-31
402,37.438418,127.150944,성남-01-028,성남시 중원구,성남제일초등학교,성남중원경찰서,2022-08-31
403,37.439371,127.150699,성남-01-028,성남시 중원구,성남제일초등학교,성남중원경찰서,2022-08-31
404,37.439217,127.150731,성남-01-028,성남시 중원구,성남제일초등학교,성남중원경찰서,2022-08-31
405,37.439332,127.150569,성남-01-028,성남시 중원구,성남제일초등학교,성남중원경찰서,2022-08-31
406,37.439876,127.150373,성남-01-028,성남시 중원구,성남제일초등학교,성남중원경찰서,2022-08-31
407,37.439946,127.150321,성남-01-028,성남시 중원구,성남제일초등학교,성남중원경찰서,2022-08-31
408,37.440043,127.149978,성남-01-028,성남시 중원구,성남제일초등학교,성남중원경찰서,2022-08-31
409,37.440129,127.149904,성남-01-028,성남시 중원구,성남제일초등학교,성남중원경찰서,2022-08-31
410,37.440129,127.149904,성남-01-028,성남시 중원구,성남제일초등학교,성남중원경찰서,2022-08-31
411,37.440212,127.150114,성남-01-028,성남시 중원구,성남제일초등학교,성남중원경찰서,2022-08-31
412,37.440268,127.150079,성남-01-028,성남시 중원구,성남제일초등학교,성남중원경찰서,2022-08-31
413,37.440453,127.150118,성남-01-028,성남시 중원구,성남제일초등학교,성남중원경찰서,2022-08-31
414,37.440828,127.150939,성남-01-028,성남시 중원구,성남제일초등학교,성남중원경찰서,2022-08-31
415,37.441698,127.152419,성남-01-028,성남시 중원구,성남제일초등학교,성남중원경찰서,2022-08-31
416,37.441698,127.152419,성남-01-028,성남시 중원구,성남제일초등학교,성남중원경찰서,2022-08-31
417,37.441237,127.151405,성남-01-028,성남시 중원구,성남제일초등학교,성남중원경찰서,2022-08-31
418,37.440804,127.150449,성남-01-028,성남시 중원구,성남제일초등학교,성남중원경찰서,2022-08-31
419,37.440592,127.149977,성남-01-028,성남시 중원구,성남제일초등학교,성남중원경찰서,2022-08-31
420,37.440388,127.149511,성남-01-028,성남시 중원구,성남제일초등학교,성남중원경찰서,2022-08-31
421,37.439934,127.148453,성남-01-028,성남시 중원구,성남제일초등학교,성남중원경찰서,2022-08-31
422,37.439719,127.147966,성남-01-028,성남시 중원구,성남제일초등학교,성남중원경찰서,2022-08-31
423,37.439705,127.147935,성남-01-028,성남시 중원구,성남제일초등학교,성남중원경찰서,2022-08-31
424,37.439573,127.147633,성남-01-028,성남시 중원구,성남제일초등학교,성남중원경찰서,2022-08-31
425,37.439617,127.148209,성남-01-028,성남시 중원구,성남제일초등학교,성남중원경찰서,2022-08-31
426,37.440125,127.149354,성남-01-028,성남시 중원구,성남제일초등학교,성남중원경찰서,2022-08-31
427,37.440248,127.149654,성남-01-028,성남시 중원구,성남제일초등학교,성남중원경찰서,2022-08-31
428,37.440264,127.149688,성남-01-028,성남시 중원구,성남제일초등학교,성남중원경찰서,2022-08-31
429,37.439471,127.147878,성남-01-028,성남시 중원구,성남제일초등학교,성남중원경찰서,2022-08-31
430,37.439482,127.147901,성남-01-028,성남시 중원구,성남제일초등학교,성남중원경찰서,2022-08-31
431,37.439353,127.147144,성남-01-028,성남시 중원구,성남제일초등학교,성남중원경찰서,2022-08-31
432,37.439344,127.147129,성남-01-028,성남시 중원구,성남제일초등학교,성남중원경찰서,2022-08-31
433,37.439146,127.146683,성남-01-028,성남시 중원구,성남제일초등학교,성남중원경찰서,2022-08-31
434,37.438519,127.145724,성남-01-028,성남시 중원구,성남제일초등학교,성남중원경찰서,2022-08-31
435,37.438519,127.145724,성남-01-028,성남시 중원구,성남제일초등학교,성남중원경찰서,2022-08-31
436,37.438861,127.146509,성남-01-028,성남시 중원구,성남제일초등학교,성남중원경찰서,2022-08-31
437,37.439136,127.147132,성남-01-028,성남시 중원구,성남제일초등학교,성남중원경찰서,2022-08-31
438,37.439181,127.147228,성남-01-028,성남시 중원구,성남제일초등학교,성남중원경찰서,2022-08-31
439,37.452038,127.149516,성남-01-029,성남시 수정구,성남북초등학교,성남수정경찰서,2022-08-17
440,37.452328,127.150418,성남-01-029,성남시 수정구,성남북초등학교,성남수정경찰서,2022-08-17
441,37.452532,127.150631,성남-01-029,성남시 수정구,성남북초등학교,성남수정경찰서,2022-08-17
442,37.452014,127.152246,성남-01-029,성남시 수정구,성남북초등학교,성남수정경찰서,2022-08-17
443,37.451557,127.152031,성남-01-029,성남시 수정구,성남북초등학교,성남수정경찰서,2022-08-17
444,37.451546,127.152038,성남-01-029,성남시 수정구,성남북초등학교,성남수정경찰서,2022-08-17
445,37.450874,127.151153,성남-01-029,성남시 수정구,성남북초등학교,성남수정경찰서,2022-08-17
446,37.451736,127.149934,성남-01-029,성남시 수정구,성남북초등학교,성남수정경찰서,2022-08-17
447,37.451738,127.149948,성남-01-029,성남시 수정구,성남북초등학교,성남수정경찰서,2022-08-17
448,37.451029,127.151495,성남-01-029,성남시 수정구,성남북초등학교,성남수정경찰서,2022-08-17
449,37.450939,127.151382,성남-01-029,성남시 수정구,성남북초등학교,성남수정경찰서,2022-08-17
450,37.440111,127.132199,성남-01-030,성남시 수정구,성남수정초등학교,성남수정경찰서,2022-08-11
451,37.435608,127.134376,성남-01-030,성남시 수정구,성남수정초등학교,성남수정경찰서,2022-08-11
452,37.436474,127.133741,성남-01-030,성남시 수정구,성남수정초등학교,성남수정경찰서,2022-08-11
453,37.436227,127.132903,성남-01-030,성남시 수정구,성남수정초등학교,성남수정경찰서,2022-08-11
454,37.435819,127.131569,성남-01-030,성남시 수정구,성남수정초등학교,성남수정경찰서,2022-08-11
455,37.436457,127.131271,성남-01-030,성남시 수정구,성남수정초등학교,성남수정경찰서,2022-08-11
456,37.437065,127.130989,성남-01-030,성남시 수정구,성남수정초등학교,성남수정경찰서,2022-08-11
457,37.437655,127.133202,성남-01-030,성남시 수정구,성남수정초등학교,성남수정경찰서,2022-08-11
458,37.436802,127.132633,성남-01-030,성남시 수정구,성남수정초등학교,성남수정경찰서,2022-08-11
459,37.444176,127.135104,성남-01-031,성남시 수정구,수진초등학교,성남수정경찰서,2022-09-01
460,37.444104,127.135161,성남-01-031,성남시 수정구,수진초등학교,성남수정경찰서,2022-09-01
461,37.443791,127.135295,성남-01-031,성남시 수정구,수진초등학교,성남수정경찰서,2022-09-01
462,37.443655,127.135544,성남-01-031,성남시 수정구,수진초등학교,성남수정경찰서,2022-09-01
463,37.443619,127.135549,성남-01-031,성남시 수정구,수진초등학교,성남수정경찰서,2022-09-01
464,37.443464,127.135447,성남-01-031,성남시 수정구,수진초등학교,성남수정경찰서,2022-09-01
465,37.443198,127.135752,성남-01-031,성남시 수정구,수진초등학교,성남수정경찰서,2022-09-01
466,37.444116,127.134121,성남-01-031,성남시 수정구,수진초등학교,성남수정경찰서,2022-09-01
467,37.444111,127.134115,성남-01-031,성남시 수정구,수진초등학교,성남수정경찰서,2022-09-01
468,37.443867,127.133369,성남-01-031,성남시 수정구,수진초등학교,성남수정경찰서,2022-09-01
469,37.443656,127.132645,성남-01-031,성남시 수정구,수진초등학교,성남수정경찰서,2022-09-01
470,37.443686,127.132577,성남-01-031,성남시 수정구,수진초등학교,성남수정경찰서,2022-09-01
471,37.444617,127.132071,성남-01-031,성남시 수정구,수진초등학교,성남수정경찰서,2022-09-01
472,37.445293,127.131752,성남-01-031,성남시 수정구,수진초등학교,성남수정경찰서,2022-09-01
473,37.445781,127.133441,성남-01-031,성남시 수정구,수진초등학교,성남수정경찰서,2022-09-01
474,37.445043,127.133712,성남-01-031,성남시 수정구,수진초등학교,성남수정경찰서,2022-09-01
475,37.444764,127.134859,성남-01-031,성남시 수정구,수진초등학교,성남수정경찰서,2022-09-01
476,37.444397,127.135199,성남-01-031,성남시 수정구,수진초등학교,성남수정경찰서,2022-09-01
477,37.445562,127.132651,성남-01-031,성남시 수정구,수진초등학교,성남수정경찰서,2022-09-01
478,37.445684,127.132569,성남-01-031,성남시 수정구,수진초등학교,성남수정경찰서,2022-09-01
479,37.445562,127.132651,성남-01-031,성남시 수정구,수진초등학교,성남수정경찰서,2022-09-01
480,37.445661,127.132485,성남-01-031,성남시 수정구,수진초등학교,성남수정경찰서,2022-09-01
481,37.445791,127.132909,성남-01-031,성남시 수정구,수진초등학교,성남수정경찰서,2022-09-01
482,37.445925,127.133375,성남-01-031,성남시 수정구,수진초등학교,성남수정경찰서,2022-09-01
483,37.445925,127.133375,성남-01-031,성남시 수정구,수진초등학교,성남수정경찰서,2022-09-01
484,37.446082,127.133921,성남-01-031,성남시 수정구,수진초등학교,성남수정경찰서,2022-09-01
485,37.446148,127.134121,성남-01-031,성남시 수정구,수진초등학교,성남수정경찰서,2022-09-01
486,37.445428,127.132202,성남-01-031,성남시 수정구,수진초등학교,성남수정경찰서,2022-09-01
487,37.444906,127.148174,성남-01-032,성남시 수정구,희망대초등학교,성남수정경찰서,2022-08-11
488,37.444972,127.148061,성남-01-032,성남시 수정구,희망대초등학교,성남수정경찰서,2022-08-11
489,37.445251,127.148678,성남-01-032,성남시 수정구,희망대초등학교,성남수정경찰서,2022-08-11
490,37.445365,127.148571,성남-01-032,성남시 수정구,희망대초등학교,성남수정경찰서,2022-08-11
491,37.445513,127.149026,성남-01-032,성남시 수정구,희망대초등학교,성남수정경찰서,2022-08-11
492,37.446047,127.149454,성남-01-032,성남시 수정구,희망대초등학교,성남수정경찰서,2022-08-11
493,37.446058,127.149468,성남-01-032,성남시 수정구,희망대초등학교,성남수정경찰서,2022-08-11
494,37.446121,127.149304,성남-01-032,성남시 수정구,희망대초등학교,성남수정경찰서,2022-08-11
495,37.444955,127.150813,성남-01-032,성남시 수정구,희망대초등학교,성남수정경찰서,2022-08-11
496,37.446664,127.149297,성남-01-032,성남시 수정구,희망대초등학교,성남수정경찰서,2022-08-11
497,37.446561,127.149294,성남-01-032,성남시 수정구,희망대초등학교,성남수정경찰서,2022-08-11
498,37.446912,127.149266,성남-01-032,성남시 수정구,희망대초등학교,성남수정경찰서,2022-08-11
499,37.447132,127.149297,성남-01-032,성남시 수정구,희망대초등학교,성남수정경찰서,2022-08-11
500,37.445724,127.151563,성남-01-032,성남시 수정구,희망대초등학교,성남수정경찰서,2022-08-11
501,37.445128,127.150813,성남-01-032,성남시 수정구,희망대초등학교,성남수정경찰서,2022-08-11
502,37.444118,127.149775,성남-01-032,성남시 수정구,희망대초등학교,성남수정경찰서,2022-08-11
503,37.448041,127.128747,성남-01-033,성남시 수정구,성남서초등학교,성남수정경찰서,2022-08-11
504,37.448253,127.129543,성남-01-033,성남시 수정구,성남서초등학교,성남수정경찰서,2022-08-11
505,37.448783,127.130803,성남-01-033,성남시 수정구,성남서초등학교,성남수정경찰서,2022-08-11
506,37.448576,127.130097,성남-01-033,성남시 수정구,성남서초등학교,성남수정경찰서,2022-08-11
507,37.448395,127.129497,성남-01-033,성남시 수정구,성남서초등학교,성남수정경찰서,2022-08-11
508,37.446999,127.129083,성남-01-033,성남시 수정구,성남서초등학교,성남수정경찰서,2022-08-11
509,37.447872,127.127169,성남-01-033,성남시 수정구,성남서초등학교,성남수정경찰서,2022-08-11
510,37.448099,127.128172,성남-01-033,성남시 수정구,성남서초등학교,성남수정경찰서,2022-08-11
511,37.447881,127.127327,성남-01-033,성남시 수정구,성남서초등학교,성남수정경찰서,2022-08-11
512,37.450171,127.144707,성남-01-034,성남시 수정구,성남신흥초등학교,성남수정경찰서,2022-08-29
513,37.449734,127.143793,성남-01-034,성남시 수정구,성남신흥초등학교,성남수정경찰서,2022-08-29
514,37.449727,127.143785,성남-01-034,성남시 수정구,성남신흥초등학교,성남수정경찰서,2022-08-29
515,37.449631,127.143578,성남-01-034,성남시 수정구,성남신흥초등학교,성남수정경찰서,2022-08-29
516,37.449638,127.143598,성남-01-034,성남시 수정구,성남신흥초등학교,성남수정경찰서,2022-08-29
517,37.449642,127.143604,성남-01-034,성남시 수정구,성남신흥초등학교,성남수정경찰서,2022-08-29
518,37.449313,127.143863,성남-01-034,성남시 수정구,성남신흥초등학교,성남수정경찰서,2022-08-29
519,37.449532,127.143646,성남-01-034,성남시 수정구,성남신흥초등학교,성남수정경찰서,2022-08-29
520,37.449343,127.142993,성남-01-034,성남시 수정구,성남신흥초등학교,성남수정경찰서,2022-08-29
521,37.449325,127.143247,성남-01-034,성남시 수정구,성남신흥초등학교,성남수정경찰서,2022-08-29
522,37.452196,127.159369,성남-01-035,성남시 수정구,단대초등학교,성남수정경찰서,2022-08-04
523,37.452721,127.158284,성남-01-035,성남시 수정구,단대초등학교,성남수정경찰서,2022-08-04
524,37.453002,127.158303,성남-01-035,성남시 수정구,단대초등학교,성남수정경찰서,2022-08-04
525,37.453813,127.158639,성남-01-035,성남시 수정구,단대초등학교,성남수정경찰서,2022-08-04
526,37.452842,127.156858,성남-01-035,성남시 수정구,단대초등학교,성남수정경찰서,2022-08-04
527,37.452986,127.156657,성남-01-035,성남시 수정구,단대초등학교,성남수정경찰서,2022-08-04
528,37.454218,127.155098,성남-01-035,성남시 수정구,단대초등학교,성남수정경찰서,2022-08-04
529,37.453054,127.156549,성남-01-035,성남시 수정구,단대초등학교,성남수정경찰서,2022-08-04
530,37.452887,127.156463,성남-01-035,성남시 수정구,단대초등학교,성남수정경찰서,2022-08-04
531,37.451836,127.155937,성남-01-035,성남시 수정구,단대초등학교,성남수정경찰서,2022-08-04
532,37.451619,127.156877,성남-01-035,성남시 수정구,단대초등학교,성남수정경찰서,2022-08-04
533,37.451494,127.157703,성남-01-035,성남시 수정구,단대초등학교,성남수정경찰서,2022-08-04
534,37.452217,127.159348,성남-01-035,성남시 수정구,단대초등학교,성남수정경찰서,2022-08-04
535,37.461807,127.129193,성남-01-036,성남시 수정구,복정초등학교,성남수정경찰서,2022-08-25
536,37.461859,127.130182,성남-01-036,성남시 수정구,복정초등학교,성남수정경찰서,2022-08-25
537,37.462307,127.128612,성남-01-036,성남시 수정구,복정초등학교,성남수정경찰서,2022-08-25
538,37.461066,127.128502,성남-01-036,성남시 수정구,복정초등학교,성남수정경찰서,2022-08-25
539,37.463304,127.129588,성남-01-036,성남시 수정구,복정초등학교,성남수정경찰서,2022-08-25
540,37.458963,127.162565,성남-01-037,성남시 수정구,성남양지초등학교,성남수정경찰서,2022-08-29
541,37.459112,127.162314,성남-01-037,성남시 수정구,성남양지초등학교,성남수정경찰서,2022-08-29
542,37.459371,127.161837,성남-01-037,성남시 수정구,성남양지초등학교,성남수정경찰서,2022-08-29
543,37.459401,127.161732,성남-01-037,성남시 수정구,성남양지초등학교,성남수정경찰서,2022-08-29
544,37.459401,127.161732,성남-01-037,성남시 수정구,성남양지초등학교,성남수정경찰서,2022-08-29
545,37.459766,127.162163,성남-01-037,성남시 수정구,성남양지초등학교,성남수정경찰서,2022-08-29
546,37.460292,127.162534,성남-01-037,성남시 수정구,성남양지초등학교,성남수정경찰서,2022-08-29
547,37.458884,127.161389,성남-01-037,성남시 수정구,성남양지초등학교,성남수정경찰서,2022-08-29
548,37.458486,127.160967,성남-01-037,성남시 수정구,성남양지초등학교,성남수정경찰서,2022-08-29
549,37.458486,127.160967,성남-01-037,성남시 수정구,성남양지초등학교,성남수정경찰서,2022-08-29
550,37.471052,127.143792,성남-01-038,성남시 수정구,위례고운초등학교,성남수정경찰서,2022-08-25
551,37.470782,127.143562,성남-01-038,성남시 수정구,위례고운초등학교,성남수정경찰서,2022-08-25
552,37.470759,127.144091,성남-01-038,성남시 수정구,위례고운초등학교,성남수정경찰서,2022-08-25
553,37.470745,127.144424,성남-01-038,성남시 수정구,위례고운초등학교,성남수정경찰서,2022-08-25
554,37.471011,127.144272,성남-01-038,성남시 수정구,위례고운초등학교,성남수정경찰서,2022-08-25
555,37.470775,127.145617,성남-01-038,성남시 수정구,위례고운초등학교,성남수정경찰서,2022-08-25
556,37.470311,127.146085,성남-01-038,성남시 수정구,위례고운초등학교,성남수정경찰서,2022-08-25
557,37.470279,127.146181,성남-01-038,성남시 수정구,위례고운초등학교,성남수정경찰서,2022-08-25
558,37.470048,127.146684,성남-01-038,성남시 수정구,위례고운초등학교,성남수정경찰서,2022-08-25
559,37.469747,127.146485,성남-01-038,성남시 수정구,위례고운초등학교,성남수정경찰서,2022-08-25
560,37.470594,127.146402,성남-01-038,성남시 수정구,위례고운초등학교,성남수정경찰서,2022-08-25
561,37.471067,127.146591,성남-01-038,성남시 수정구,위례고운초등학교,성남수정경찰서,2022-08-25
562,37.470657,127.146429,성남-01-038,성남시 수정구,위례고운초등학교,성남수정경찰서,2022-08-25
563,37.471031,127.147126,성남-01-038,성남시 수정구,위례고운초등학교,성남수정경찰서,2022-08-25
564,37.464812,127.142389,성남-01-039,성남시 수정구,위례한빛초등학교,성남수정경찰서,2022-09-01
565,37.464221,127.143742,성남-01-039,성남시 수정구,위례한빛초등학교,성남수정경찰서,2022-09-01
566,37.464041,127.144601,성남-01-039,성남시 수정구,위례한빛초등학교,성남수정경찰서,2022-09-01
567,37.464811,127.147292,성남-01-039,성남시 수정구,위례한빛초등학교,성남수정경찰서,2022-09-01
568,37.465893,127.148175,성남-01-039,성남시 수정구,위례한빛초등학교,성남수정경찰서,2022-09-01
569,37.466203,127.148448,성남-01-039,성남시 수정구,위례한빛초등학교,성남수정경찰서,2022-09-01
570,37.465331,127.141591,성남-01-039,성남시 수정구,위례한빛초등학교,성남수정경찰서,2022-09-01
571,37.466507,127.143241,성남-01-039,성남시 수정구,위례한빛초등학교,성남수정경찰서,2022-09-01
572,37.466795,127.143484,성남-01-039,성남시 수정구,위례한빛초등학교,성남수정경찰서,2022-09-01
573,37.467189,127.143813,성남-01-039,성남시 수정구,위례한빛초등학교,성남수정경찰서,2022-09-01
574,37.466622,127.143885,성남-01-039,성남시 수정구,위례한빛초등학교,성남수정경찰서,2022-09-01
575,37.467198,127.144351,성남-01-039,성남시 수정구,위례한빛초등학교,성남수정경찰서,2022-09-01
576,37.465975,127.143368,성남-01-039,성남시 수정구,위례한빛초등학교,성남수정경찰서,2022-09-01
577,37.465055,127.142749,성남-01-039,성남시 수정구,위례한빛초등학교,성남수정경찰서,2022-09-01
578,37.464405,127.143974,성남-01-039,성남시 수정구,위례한빛초등학교,성남수정경찰서,2022-09-01
579,37.464346,127.144126,성남-01-039,성남시 수정구,위례한빛초등학교,성남수정경찰서,2022-09-01
580,37.464246,127.144943,성남-01-039,성남시 수정구,위례한빛초등학교,성남수정경찰서,2022-09-01
581,37.464359,127.145958,성남-01-039,성남시 수정구,위례한빛초등학교,성남수정경찰서,2022-09-01
582,37.464415,127.146281,성남-01-039,성남시 수정구,위례한빛초등학교,성남수정경찰서,2022-09-01
583,37.464878,127.147047,성남-01-039,성남시 수정구,위례한빛초등학교,성남수정경찰서,2022-09-01
584,37.465853,127.147845,성남-01-039,성남시 수정구,위례한빛초등학교,성남수정경찰서,2022-09-01
585,37.466287,127.148225,성남-01-040,성남시 수정구,위례한빛초등학교,성남수정경찰서,2022-09-01
586,37.464371,127.146745,성남-01-040,성남시 수정구,위례한빛초등학교,성남수정경찰서,2022-09-01
587,37.465159,127.141955,성남-01-040,성남시 수정구,위례한빛초등학교,성남수정경찰서,2022-09-01
588,37.470472,127.153812,성남-01-040,성남시 수정구,위례푸른초등학교,성남수정경찰서,2022-08-25
589,37.469965,127.152047,성남-01-040,성남시 수정구,위례푸른초등학교,성남수정경찰서,2022-08-25
590,37.469682,127.151747,성남-01-040,성남시 수정구,위례푸른초등학교,성남수정경찰서,2022-08-25
591,37.469947,127.151889,성남-01-040,성남시 수정구,위례푸른초등학교,성남수정경찰서,2022-08-25
592,37.469679,127.151547,성남-01-040,성남시 수정구,위례푸른초등학교,성남수정경찰서,2022-08-25
593,37.469981,127.151177,성남-01-040,성남시 수정구,위례푸른초등학교,성남수정경찰서,2022-08-25
594,37.469677,127.151493,성남-01-040,성남시 수정구,위례푸른초등학교,성남수정경찰서,2022-08-25
595,37.470031,127.150589,성남-01-040,성남시 수정구,위례푸른초등학교,성남수정경찰서,2022-08-25
596,37.470098,127.150121,성남-01-040,성남시 수정구,위례푸른초등학교,성남수정경찰서,2022-08-25
597,37.471328,127.150459,성남-01-040,성남시 수정구,위례푸른초등학교,성남수정경찰서,2022-08-25
598,37.469611,127.150362,성남-01-040,성남시 수정구,위례푸른초등학교,성남수정경찰서,2022-08-25
599,37.469409,127.150096,성남-01-040,성남시 수정구,위례푸른초등학교,성남수정경찰서,2022-08-25
600,37.470625,127.153561,성남-01-040,성남시 수정구,위례푸른초등학교,성남수정경찰서,2022-08-25
601,37.470064,127.152554,성남-01-040,성남시 수정구,위례푸른초등학교,성남수정경찰서,2022-08-25
602,37.469366,127.150328,성남-01-040,성남시 수정구,위례푸른초등학교,성남수정경찰서,2022-08-25
603,37.470488,127.137183,성남-01-041,성남시 수정구,위례중앙초등학교,성남수정경찰서,2022-08-25
604,37.470961,127.137229,성남-01-041,성남시 수정구,위례중앙초등학교,성남수정경찰서,2022-08-25
605,37.470977,127.138755,성남-01-041,성남시 수정구,위례중앙초등학교,성남수정경찰서,2022-08-25
606,37.471213,127.139091,성남-01-041,성남시 수정구,위례중앙초등학교,성남수정경찰서,2022-08-25
607,37.470945,127.138851,성남-01-041,성남시 수정구,위례중앙초등학교,성남수정경찰서,2022-08-25
608,37.471206,127.139269,성남-01-041,성남시 수정구,위례중앙초등학교,성남수정경찰서,2022-08-25
609,37.470935,127.139631,성남-01-041,성남시 수정구,위례중앙초등학교,성남수정경찰서,2022-08-25
610,37.471308,127.137361,성남-01-041,성남시 수정구,위례중앙초등학교,성남수정경찰서,2022-08-25
611,37.472152,127.137275,성남-01-041,성남시 수정구,위례중앙초등학교,성남수정경찰서,2022-08-25
612,37.470521,127.136714,성남-01-041,성남시 수정구,위례중앙초등학교,성남수정경찰서,2022-08-25
613,37.471378,127.134805,성남-01-041,성남시 수정구,위례중앙초등학교,성남수정경찰서,2022-08-25
614,37.471146,127.134788,성남-01-041,성남시 수정구,위례중앙초등학교,성남수정경찰서,2022-08-25
615,37.472178,127.136844,성남-01-041,성남시 수정구,위례중앙초등학교,성남수정경찰서,2022-08-25
616,37.471191,127.139522,성남-01-041,성남시 수정구,위례중앙초등학교,성남수정경찰서,2022-08-25
617,37.441694,127.164111,성남-01-042,성남시 중원구,금상초등학교,성남중원경찰서,2022-08-17
618,37.441749,127.164277,성남-01-042,성남시 중원구,금상초등학교,성남중원경찰서,2022-08-17
619,37.442371,127.165926,성남-01-042,성남시 중원구,금상초등학교,성남중원경찰서,2022-08-17
620,37.442643,127.168099,성남-01-042,성남시 중원구,금상초등학교,성남중원경찰서,2022-08-17
621,37.442921,127.167328,성남-01-042,성남시 중원구,금상초등학교,성남중원경찰서,2022-08-17
622,37.442978,127.167011,성남-01-042,성남시 중원구,금상초등학교,성남중원경찰서,2022-08-17
623,37.442915,127.166857,성남-01-042,성남시 중원구,금상초등학교,성남중원경찰서,2022-08-17
624,37.442672,127.166195,성남-01-042,성남시 중원구,금상초등학교,성남중원경찰서,2022-08-17
625,37.442623,127.166074,성남-01-042,성남시 중원구,금상초등학교,성남중원경찰서,2022-08-17
626,37.442529,127.165825,성남-01-042,성남시 중원구,금상초등학교,성남중원경찰서,2022-08-17
627,37.442815,127.165761,성남-01-042,성남시 중원구,금상초등학교,성남중원경찰서,2022-08-17
628,37.443336,127.165437,성남-01-042,성남시 중원구,금상초등학교,성남중원경찰서,2022-08-17
629,37.442381,127.163728,성남-01-042,성남시 중원구,금상초등학교,성남중원경찰서,2022-08-17
630,37.455038,127.162021,성남-01-043,성남시 중원구,상원초등학교,성남중원경찰서,2022-08-29
631,37.454742,127.162531,성남-01-043,성남시 중원구,상원초등학교,성남중원경찰서,2022-08-29
632,37.454819,127.162567,성남-01-043,성남시 중원구,상원초등학교,성남중원경찰서,2022-08-29
633,37.454504,127.163349,성남-01-043,성남시 중원구,상원초등학교,성남중원경찰서,2022-08-29
634,37.453897,127.161249,성남-01-043,성남시 중원구,상원초등학교,성남중원경찰서,2022-08-29
635,37.453802,127.161443,성남-01-043,성남시 중원구,상원초등학교,성남중원경찰서,2022-08-29
636,37.453499,127.162039,성남-01-043,성남시 중원구,상원초등학교,성남중원경찰서,2022-08-29
637,37.454904,127.164404,성남-01-043,성남시 중원구,상원초등학교,성남중원경찰서,2022-08-29
638,37.454656,127.163711,성남-01-043,성남시 중원구,상원초등학교,성남중원경찰서,2022-08-29
639,37.363652,127.122395,성남-01-044,성남시 분당구,불정초등학교,분당경찰서,2022-08-26
640,37.363347,127.122461,성남-01-044,성남시 분당구,불정초등학교,분당경찰서,2022-08-26
641,37.363648,127.121735,성남-01-044,성남시 분당구,불정초등학교,분당경찰서,2022-08-26
642,37.363643,127.120902,성남-01-044,성남시 분당구,불정초등학교,분당경찰서,2022-08-26
643,37.363341,127.120927,성남-01-044,성남시 분당구,불정초등학교,분당경찰서,2022-08-26
644,37.363339,127.120581,성남-01-044,성남시 분당구,불정초등학교,분당경찰서,2022-08-26
645,37.363641,127.119981,성남-01-044,성남시 분당구,불정초등학교,분당경찰서,2022-08-26
646,37.363341,127.119977,성남-01-044,성남시 분당구,불정초등학교,분당경찰서,2022-08-26
647,37.362899,127.118843,성남-01-044,성남시 분당구,불정초등학교,분당경찰서,2022-08-26
648,37.361349,127.119291,성남-01-044,성남시 분당구,불정초등학교,분당경찰서,2022-08-26
649,37.359903,127.119305,성남-01-044,성남시 분당구,불정초등학교,분당경찰서,2022-08-26
650,37.407813,127.143393,성남-01-045,성남시 분당구,상탑초등학교,분당경찰서,2022-09-01
651,37.405518,127.144659,성남-01-045,성남시 분당구,상탑초등학교,분당경찰서,2022-09-01
652,37.405698,127.144908,성남-01-045,성남시 분당구,상탑초등학교,분당경찰서,2022-09-01
653,37.405468,127.144817,성남-01-045,성남시 분당구,상탑초등학교,분당경찰서,2022-09-01
654,37.405325,127.145596,성남-01-045,성남시 분당구,상탑초등학교,분당경찰서,2022-09-01
655,37.405391,127.147358,성남-01-045,성남시 분당구,상탑초등학교,분당경찰서,2022-09-01
656,37.405391,127.148177,성남-01-045,성남시 분당구,상탑초등학교,분당경찰서,2022-09-01
657,37.405578,127.146991,성남-01-045,성남시 분당구,상탑초등학교,분당경찰서,2022-09-01
658,37.405546,127.145741,성남-01-045,성남시 분당구,상탑초등학교,분당경찰서,2022-09-01
659,37.406698,127.146593,성남-01-045,성남시 분당구,상탑초등학교,분당경찰서,2022-09-01
660,37.406487,127.148269,성남-01-045,성남시 분당구,상탑초등학교,분당경찰서,2022-09-01
661,37.406811,127.146913,성남-01-045,성남시 분당구,상탑초등학교,분당경찰서,2022-09-01
662,37.406836,127.146161,성남-01-045,성남시 분당구,상탑초등학교,분당경찰서,2022-09-01
663,37.407084,127.146029,성남-01-045,성남시 분당구,상탑초등학교,분당경찰서,2022-09-01
664,37.406994,127.145687,성남-01-045,성남시 분당구,상탑초등학교,분당경찰서,2022-09-01
665,37.406844,127.145325,성남-01-045,성남시 분당구,상탑초등학교,분당경찰서,2022-09-01
666,37.406369,127.145044,성남-01-045,성남시 분당구,상탑초등학교,분당경찰서,2022-09-01
667,37.406245,127.145177,성남-01-045,성남시 분당구,상탑초등학교,분당경찰서,2022-09-01
668,37.406626,127.145197,성남-01-045,성남시 분당구,상탑초등학교,분당경찰서,2022-09-01
669,37.407047,127.145438,성남-01-045,성남시 분당구,상탑초등학교,분당경찰서,2022-09-01
670,37.407267,127.145504,성남-01-045,성남시 분당구,상탑초등학교,분당경찰서,2022-09-01
671,37.381192,127.129284,성남-01-046,성남시 분당구,서현초등학교,분당경찰서,2022-08-22
672,37.381459,127.129003,성남-01-046,성남시 분당구,서현초등학교,분당경찰서,2022-08-22
673,37.381808,127.128621,성남-01-046,성남시 분당구,서현초등학교,분당경찰서,2022-08-22
674,37.381883,127.128516,성남-01-046,성남시 분당구,서현초등학교,분당경찰서,2022-08-22
675,37.382402,127.127543,성남-01-046,성남시 분당구,서현초등학교,분당경찰서,2022-08-22
676,37.382472,127.127381,성남-01-046,성남시 분당구,서현초등학교,분당경찰서,2022-08-22
677,37.382488,127.127343,성남-01-046,성남시 분당구,서현초등학교,분당경찰서,2022-08-22
678,37.382986,127.126507,성남-01-046,성남시 분당구,서현초등학교,분당경찰서,2022-08-22
679,37.383814,127.125574,성남-01-046,성남시 분당구,서현초등학교,분당경찰서,2022-08-22
680,37.365575,127.109958,성남-01-047,성남시 분당구,성남신기초등학교,분당경찰서,2022-08-11
681,37.365615,127.109964,성남-01-047,성남시 분당구,성남신기초등학교,분당경찰서,2022-08-11
682,37.367371,127.109711,성남-01-047,성남시 분당구,성남신기초등학교,분당경찰서,2022-08-11
683,37.367602,127.109718,성남-01-047,성남시 분당구,성남신기초등학교,분당경찰서,2022-08-11
684,37.371198,127.144532,성남-01-048,성남시 분당구,성남장안초등학교,분당경찰서,2022-08-17
685,37.371665,127.144031,성남-01-048,성남시 분당구,성남장안초등학교,분당경찰서,2022-08-17
686,37.371706,127.143981,성남-01-048,성남시 분당구,성남장안초등학교,분당경찰서,2022-08-17
687,37.371706,127.143979,성남-01-048,성남시 분당구,성남장안초등학교,분당경찰서,2022-08-17
688,37.372236,127.143354,성남-01-048,성남시 분당구,성남장안초등학교,분당경찰서,2022-08-17
689,37.372382,127.143197,성남-01-048,성남시 분당구,성남장안초등학교,분당경찰서,2022-08-17
690,37.372787,127.141676,성남-01-048,성남시 분당구,성남장안초등학교,분당경찰서,2022-08-17
691,37.372745,127.141806,성남-01-048,성남시 분당구,성남장안초등학교,분당경찰서,2022-08-17
692,37.372645,127.142221,성남-01-048,성남시 분당구,성남장안초등학교,분당경찰서,2022-08-17
693,37.372561,127.142486,성남-01-048,성남시 분당구,성남장안초등학교,분당경찰서,2022-08-17
694,37.372349,127.142954,성남-01-048,성남시 분당구,성남장안초등학교,분당경찰서,2022-08-17
695,37.372277,127.143067,성남-01-048,성남시 분당구,성남장안초등학교,분당경찰서,2022-08-17
696,37.371744,127.143689,성남-01-048,성남시 분당구,성남장안초등학교,분당경찰서,2022-08-17
697,37.371591,127.143869,성남-01-048,성남시 분당구,성남장안초등학교,분당경찰서,2022-08-17
698,37.371589,127.143871,성남-01-048,성남시 분당구,성남장안초등학교,분당경찰서,2022-08-17
699,37.394374,127.125285,성남-01-049,성남시 분당구,안말초등학교,분당경찰서,2022-08-11
700,37.393299,127.125106,성남-01-049,성남시 분당구,안말초등학교,분당경찰서,2022-08-11
701,37.393169,127.125021,성남-01-049,성남시 분당구,안말초등학교,분당경찰서,2022-08-11
702,37.393084,127.125207,성남-01-049,성남시 분당구,안말초등학교,분당경찰서,2022-08-11
703,37.392444,127.124701,성남-01-049,성남시 분당구,안말초등학교,분당경찰서,2022-08-11
704,37.391555,127.123897,성남-01-049,성남시 분당구,안말초등학교,분당경찰서,2022-08-11
705,37.390421,127.122871,성남-01-049,성남시 분당구,안말초등학교,분당경찰서,2022-08-11
706,37.392105,127.124392,성남-01-049,성남시 분당구,안말초등학교,분당경찰서,2022-08-11
707,37.391816,127.124906,성남-01-049,성남시 분당구,안말초등학교,분당경찰서,2022-08-11
708,37.391964,127.125061,성남-01-049,성남시 분당구,안말초등학교,분당경찰서,2022-08-11
709,37.391554,127.125484,성남-01-049,성남시 분당구,안말초등학교,분당경찰서,2022-08-11
710,37.391308,127.125458,성남-01-049,성남시 분당구,안말초등학교,분당경찰서,2022-08-11
711,37.391022,127.126059,성남-01-049,성남시 분당구,안말초등학교,분당경찰서,2022-08-11
712,37.390838,127.126835,성남-01-049,성남시 분당구,안말초등학교,분당경찰서,2022-08-11
713,37.416723,127.126647,성남-01-050,성남시 분당구,야탑초등학교,분당경찰서,2022-07-27
714,37.416718,127.126576,성남-01-050,성남시 분당구,야탑초등학교,분당경찰서,2022-07-27
715,37.416709,127.126233,성남-01-050,성남시 분당구,야탑초등학교,분당경찰서,2022-07-27
716,37.416699,127.125751,성남-01-050,성남시 분당구,야탑초등학교,분당경찰서,2022-07-27
717,37.416611,127.123742,성남-01-050,성남시 분당구,야탑초등학교,분당경찰서,2022-07-27
718,37.415785,127.122744,성남-01-050,성남시 분당구,야탑초등학교,분당경찰서,2022-07-27
719,37.416664,127.124505,성남-01-050,성남시 분당구,야탑초등학교,분당경찰서,2022-07-27
720,37.416934,127.124683,성남-01-050,성남시 분당구,야탑초등학교,분당경찰서,2022-07-27
721,37.416912,127.126352,성남-01-050,성남시 분당구,야탑초등학교,분당경찰서,2022-07-27
722,37.416919,127.126571,성남-01-050,성남시 분당구,야탑초등학교,분당경찰서,2022-07-27
723,37.416731,127.127148,성남-01-050,성남시 분당구,야탑초등학교,분당경찰서,2022-07-27
724,37.416941,127.127567,성남-01-050,성남시 분당구,야탑초등학교,분당경찰서,2022-07-27
725,37.416953,127.128121,성남-01-050,성남시 분당구,야탑초등학교,분당경찰서,2022-07-27
726,37.416947,127.127441,성남-01-050,성남시 분당구,야탑초등학교,분당경찰서,2022-07-27
727,37.416705,127.126023,성남-01-050,성남시 분당구,야탑초등학교,분당경찰서,2022-07-27
728,37.345767,127.115911,성남-01-051,성남시 분당구,오리초등학교,분당경찰서,2022-08-17
729,37.345343,127.115911,성남-01-051,성남시 분당구,오리초등학교,분당경찰서,2022-08-17
730,37.344751,127.115911,성남-01-051,성남시 분당구,오리초등학교,분당경찰서,2022-08-17
731,37.344289,127.115921,성남-01-051,성남시 분당구,오리초등학교,분당경찰서,2022-08-17
732,37.342822,127.116291,성남-01-051,성남시 분당구,오리초등학교,분당경찰서,2022-08-17
733,37.344012,127.116291,성남-01-051,성남시 분당구,오리초등학교,분당경찰서,2022-08-17
734,37.344105,127.116291,성남-01-051,성남시 분당구,오리초등학교,분당경찰서,2022-08-17
735,37.398875,127.125266,성남-01-052,성남시 분당구,이매초등학교,분당경찰서,2022-07-27
736,37.395104,127.125486,성남-01-052,성남시 분당구,이매초등학교,분당경찰서,2022-07-27
737,37.396748,127.125511,성남-01-052,성남시 분당구,이매초등학교,분당경찰서,2022-07-27
738,37.396764,127.125251,성남-01-052,성남시 분당구,이매초등학교,분당경찰서,2022-07-27
739,37.396061,127.125498,성남-01-052,성남시 분당구,이매초등학교,분당경찰서,2022-07-27
740,37.353436,127.116967,성남-01-053,성남시 분당구,청솔초등학교,분당경찰서,2022-08-25
741,37.353643,127.116541,성남-01-053,성남시 분당구,청솔초등학교,분당경찰서,2022-08-25
742,37.353824,127.116219,성남-01-053,성남시 분당구,청솔초등학교,분당경찰서,2022-08-25
743,37.356142,127.111499,성남-01-053,성남시 분당구,청솔초등학교,분당경찰서,2022-08-25
744,37.372817,127.133571,성남-01-054,성남시 분당구,당촌초등학교,분당경찰서,2022-08-31
745,37.373572,127.132744,성남-01-054,성남시 분당구,당촌초등학교,분당경찰서,2022-08-31
746,37.373494,127.132208,성남-01-054,성남시 분당구,당촌초등학교,분당경찰서,2022-08-31
747,37.374279,127.131346,성남-01-054,성남시 분당구,당촌초등학교,분당경찰서,2022-08-31
748,37.374799,127.130768,성남-01-054,성남시 분당구,당촌초등학교,분당경찰서,2022-08-31
749,37.368184,127.120057,성남-01-055,성남시 분당구,한솔초등학교,분당경찰서,2022-08-26
750,37.366834,127.118899,성남-01-055,성남시 분당구,한솔초등학교,분당경찰서,2022-08-26
751,37.365426,127.119223,성남-01-055,성남시 분당구,한솔초등학교,분당경찰서,2022-08-26
752,37.363978,127.119286,성남-01-055,성남시 분당구,한솔초등학교,분당경찰서,2022-08-26
753,37.367807,127.124947,성남-01-056,성남시 분당구,수내초등학교,분당경찰서,2022-08-22
754,37.368313,127.124389,성남-01-056,성남시 분당구,수내초등학교,분당경찰서,2022-08-22
755,37.368962,127.123705,성남-01-056,성남시 분당구,수내초등학교,분당경찰서,2022-08-22
756,37.369287,127.123561,성남-01-056,성남시 분당구,수내초등학교,분당경찰서,2022-08-22
757,37.369323,127.123245,성남-01-056,성남시 분당구,수내초등학교,분당경찰서,2022-08-22
758,37.369702,127.122821,성남-01-056,성남시 분당구,수내초등학교,분당경찰서,2022-08-22
759,37.400104,127.117013,성남-01-057,성남시 분당구,성남송현초등학교,분당경찰서,2022-09-02
760,37.400302,127.117016,성남-01-057,성남시 분당구,성남송현초등학교,분당경찰서,2022-09-02
761,37.403012,127.117018,성남-01-057,성남시 분당구,성남송현초등학교,분당경찰서,2022-09-02
762,37.403934,127.116313,성남-01-057,성남시 분당구,성남송현초등학교,분당경찰서,2022-09-02
763,37.404969,127.117057,성남-01-057,성남시 분당구,성남송현초등학교,분당경찰서,2022-09-02
764,37.405153,127.117456,성남-01-057,성남시 분당구,성남송현초등학교,분당경찰서,2022-09-02
765,37.403882,127.115726,성남-01-057,성남시 분당구,성남송현초등학교,분당경찰서,2022-09-02
766,37.404421,127.115891,성남-01-057,성남시 분당구,성남송현초등학교,분당경찰서,2022-09-02
767,37.404648,127.116032,성남-01-057,성남시 분당구,성남송현초등학교,분당경찰서,2022-09-02
768,37.405347,127.115652,성남-01-057,성남시 분당구,성남송현초등학교,분당경찰서,2022-09-02
769,37.405933,127.115322,성남-01-057,성남시 분당구,성남송현초등학교,분당경찰서,2022-09-02
770,37.406978,127.115311,성남-01-057,성남시 분당구,성남송현초등학교,분당경찰서,2022-09-02
771,37.388161,127.089581,성남-01-058,성남시 분당구,판교초등학교,분당경찰서,2022-09-01
772,37.387799,127.089445,성남-01-058,성남시 분당구,판교초등학교,분당경찰서,2022-09-01
773,37.387687,127.089665,성남-01-058,성남시 분당구,판교초등학교,분당경찰서,2022-09-01
774,37.387473,127.089331,성남-01-058,성남시 분당구,판교초등학교,분당경찰서,2022-09-01
775,37.386282,127.089553,성남-01-058,성남시 분당구,판교초등학교,분당경찰서,2022-09-01
776,37.386275,127.090081,성남-01-058,성남시 분당구,판교초등학교,분당경찰서,2022-09-01
777,37.386269,127.090482,성남-01-058,성남시 분당구,판교초등학교,분당경찰서,2022-09-01
778,37.386265,127.090707,성남-01-058,성남시 분당구,판교초등학교,분당경찰서,2022-09-01
779,37.386393,127.090773,성남-01-058,성남시 분당구,판교초등학교,분당경찰서,2022-09-01
780,37.386384,127.091896,성남-01-058,성남시 분당구,판교초등학교,분당경찰서,2022-09-01
781,37.386246,127.092094,성남-01-058,성남시 분당구,판교초등학교,분당경찰서,2022-09-01
782,37.386399,127.092164,성남-01-058,성남시 분당구,판교초등학교,분당경찰서,2022-09-01
783,37.386424,127.092576,성남-01-058,성남시 분당구,판교초등학교,분당경찰서,2022-09-01
784,37.386421,127.092732,성남-01-058,성남시 분당구,판교초등학교,분당경찰서,2022-09-01
785,37.386576,127.093807,성남-01-058,성남시 분당구,판교초등학교,분당경찰서,2022-09-01
786,37.386596,127.093844,성남-01-058,성남시 분당구,판교초등학교,분당경찰서,2022-09-01
787,37.449824,127.164763,성남-01-059,성남시 중원구,성남동초등학교,성남중원경찰서,2022-08-22
788,37.449732,127.164794,성남-01-059,성남시 중원구,성남동초등학교,성남중원경찰서,2022-08-22
789,37.449418,127.163313,성남-01-059,성남시 중원구,성남동초등학교,성남중원경찰서,2022-08-22
790,37.449251,127.163377,성남-01-059,성남시 중원구,성남동초등학교,성남중원경찰서,2022-08-22
791,37.448857,127.163495,성남-01-059,성남시 중원구,성남동초등학교,성남중원경찰서,2022-08-22
792,37.448857,127.163501,성남-01-059,성남시 중원구,성남동초등학교,성남중원경찰서,2022-08-22
793,37.449284,127.165641,성남-01-059,성남시 중원구,성남동초등학교,성남중원경찰서,2022-08-22
794,37.448724,127.162187,성남-01-059,성남시 중원구,성남동초등학교,성남중원경찰서,2022-08-22
795,37.448614,127.161732,성남-01-059,성남시 중원구,성남동초등학교,성남중원경찰서,2022-08-22
796,37.448747,127.160997,성남-01-059,성남시 중원구,성남동초등학교,성남중원경찰서,2022-08-22
797,37.447815,127.161292,성남-01-059,성남시 중원구,성남동초등학교,성남중원경찰서,2022-08-22
798,37.448761,127.163645,성남-01-059,성남시 중원구,성남동초등학교,성남중원경찰서,2022-08-22
799,37.447613,127.164027,성남-01-059,성남시 중원구,성남동초등학교,성남중원경찰서,2022-08-22
800,37.445014,127.130788,성남-01-060,성남시 수정구,태평초등학교,성남수정경찰서,2022-08-11
801,37.444949,127.130593,성남-01-060,성남시 수정구,태평초등학교,성남수정경찰서,2022-08-11
802,37.445019,127.130348,성남-01-060,성남시 수정구,태평초등학교,성남수정경찰서,2022-08-11
803,37.444503,127.130694,성남-01-060,성남시 수정구,태평초등학교,성남수정경찰서,2022-08-11
804,37.443282,127.131353,성남-01-060,성남시 수정구,태평초등학교,성남수정경찰서,2022-08-11
805,37.443575,127.130673,성남-01-060,성남시 수정구,태평초등학교,성남수정경찰서,2022-08-11
806,37.444783,127.130141,성남-01-060,성남시 수정구,태평초등학교,성남수정경찰서,2022-08-11
807,37.444536,127.129155,성남-01-060,성남시 수정구,태평초등학교,성남수정경찰서,2022-08-11
808,37.444856,127.129757,성남-01-060,성남시 수정구,태평초등학교,성남수정경찰서,2022-08-11
809,37.445153,127.129715,성남-01-060,성남시 수정구,태평초등학교,성남수정경찰서,2022-08-11
810,37.446057,127.129304,성남-01-060,성남시 수정구,태평초등학교,성남수정경찰서,2022-08-11
811,37.433993,127.128548,성남-01-061,성남시 수정구,성수초등학교,성남수정경찰서,2022-08-04
812,37.434571,127.127605,성남-01-061,성남시 수정구,성수초등학교,성남수정경찰서,2022-08-04
813,37.447034,127.137629,성남-01-062,성남시 수정구,금빛초등학교,성남수정경찰서,2022-08-11
814,37.448171,127.141013,성남-01-062,성남시 수정구,금빛초등학교,성남수정경찰서,2022-08-11
815,37.448073,127.140679,성남-01-062,성남시 수정구,금빛초등학교,성남수정경찰서,2022-08-11
816,37.448284,127.141401,성남-01-062,성남시 수정구,금빛초등학교,성남수정경찰서,2022-08-11
817,37.448389,127.142262,성남-01-062,성남시 수정구,금빛초등학교,성남수정경찰서,2022-08-11
818,37.448517,127.142209,성남-01-062,성남시 수정구,금빛초등학교,성남수정경찰서,2022-08-11
819,37.449201,127.140061,성남-01-062,성남시 수정구,금빛초등학교,성남수정경찰서,2022-08-11
820,37.447297,127.138005,성남-01-062,성남시 수정구,금빛초등학교,성남수정경찰서,2022-08-11
821,37.447118,127.140932,성남-01-062,성남시 수정구,금빛초등학교,성남수정경찰서,2022-08-11
822,37.446544,127.139321,성남-01-062,성남시 수정구,금빛초등학교,성남수정경찰서,2022-08-11
823,37.447456,127.139057,성남-01-062,성남시 수정구,금빛초등학교,성남수정경찰서,2022-08-11
824,37.447575,127.139003,성남-01-062,성남시 수정구,금빛초등학교,성남수정경찰서,2022-08-11
825,37.447562,127.138884,성남-01-062,성남시 수정구,금빛초등학교,성남수정경찰서,2022-08-11
826,37.428024,127.097435,성남-01-063,성남시 수정구,왕남초등학교,성남수정경찰서,2022-09-02
827,37.427909,127.097912,성남-01-063,성남시 수정구,왕남초등학교,성남수정경찰서,2022-09-02
828,37.427728,127.098872,성남-01-063,성남시 수정구,왕남초등학교,성남수정경찰서,2022-09-02
829,37.427752,127.099282,성남-01-063,성남시 수정구,왕남초등학교,성남수정경찰서,2022-09-02
830,37.428132,127.100621,성남-01-063,성남시 수정구,왕남초등학교,성남수정경찰서,2022-09-02
831,37.426075,127.100489,성남-01-063,성남시 수정구,왕남초등학교,성남수정경찰서,2022-09-02
832,37.429657,127.100773,성남-01-063,성남시 수정구,왕남초등학교,성남수정경찰서,2022-09-02
833,37.429659,127.100629,성남-01-063,성남시 수정구,왕남초등학교,성남수정경찰서,2022-09-02
834,37.429335,127.100751,성남-01-063,성남시 수정구,왕남초등학교,성남수정경찰서,2022-09-02
835,37.428548,127.100828,성남-01-063,성남시 수정구,왕남초등학교,성남수정경찰서,2022-09-02
836,37.428776,127.100828,성남-01-063,성남시 수정구,왕남초등학교,성남수정경찰서,2022-09-02
837,37.428051,127.100813,성남-01-063,성남시 수정구,왕남초등학교,성남수정경찰서,2022-09-02
838,37.427528,127.100668,성남-01-063,성남시 수정구,왕남초등학교,성남수정경찰서,2022-09-02
839,37.427181,127.100555,성남-01-063,성남시 수정구,왕남초등학교,성남수정경찰서,2022-09-02
840,37.425997,127.100353,성남-01-063,성남시 수정구,왕남초등학교,성남수정경찰서,2022-09-02
841,37.427902,127.098282,성남-01-063,성남시 수정구,왕남초등학교,성남수정경찰서,2022-09-02
842,37.445451,127.143192,성남-01-064,성남시 수정구,성남초등학교,성남수정경찰서,2022-08-17
843,37.446751,127.144611,성남-01-064,성남시 수정구,성남초등학교,성남수정경찰서,2022-08-17
844,37.445116,127.143993,성남-01-064,성남시 수정구,성남초등학교,성남수정경찰서,2022-08-17
845,37.446209,127.145196,성남-01-064,성남시 수정구,성남초등학교,성남수정경찰서,2022-08-17
846,37.444486,127.143636,성남-01-064,성남시 수정구,성남초등학교,성남수정경찰서,2022-08-17
847,37.444687,127.143436,성남-01-064,성남시 수정구,성남초등학교,성남수정경찰서,2022-08-17
848,37.445239,127.144186,성남-01-064,성남시 수정구,성남초등학교,성남수정경찰서,2022-08-17
849,37.445793,127.146537,성남-01-064,성남시 수정구,성남초등학교,성남수정경찰서,2022-08-17
850,37.445521,127.146424,성남-01-064,성남시 수정구,성남초등학교,성남수정경찰서,2022-08-17
851,37.428471,127.144671,성남-01-065,성남시 중원구,검단초등학교,성남중원경찰서,2022-09-01
852,37.429001,127.144561,성남-01-065,성남시 중원구,검단초등학교,성남중원경찰서,2022-09-01
853,37.428859,127.142454,성남-01-065,성남시 중원구,검단초등학교,성남중원경찰서,2022-09-01
854,37.429704,127.142348,성남-01-065,성남시 중원구,검단초등학교,성남중원경찰서,2022-09-01
855,37.429755,127.142902,성남-01-065,성남시 중원구,검단초등학교,성남중원경찰서,2022-09-01
856,37.429911,127.144447,성남-01-065,성남시 중원구,검단초등학교,성남중원경찰서,2022-09-01
857,37.430636,127.144432,성남-01-065,성남시 중원구,검단초등학교,성남중원경찰서,2022-09-01
858,37.429893,127.144491,성남-01-065,성남시 중원구,검단초등학교,성남중원경찰서,2022-09-01
859,37.430025,127.145221,성남-01-065,성남시 중원구,검단초등학교,성남중원경찰서,2022-09-01
860,37.429028,127.144699,성남-01-065,성남시 중원구,검단초등학교,성남중원경찰서,2022-09-01
861,37.429381,127.146201,성남-01-065,성남시 중원구,검단초등학교,성남중원경찰서,2022-09-01
862,37.340319,127.117144,성남-01-066,성남시 분당구,불곡초등학교,분당경찰서,2022-08-25
863,37.340328,127.118199,성남-01-066,성남시 분당구,불곡초등학교,분당경찰서,2022-08-25
864,37.340495,127.118402,성남-01-066,성남시 분당구,불곡초등학교,분당경찰서,2022-08-25
865,37.340288,127.118721,성남-01-066,성남시 분당구,불곡초등학교,분당경찰서,2022-08-25
866,37.340222,127.119432,성남-01-066,성남시 분당구,불곡초등학교,분당경찰서,2022-08-25
867,37.339939,127.119901,성남-01-066,성남시 분당구,불곡초등학교,분당경찰서,2022-08-25
868,37.339622,127.120279,성남-01-066,성남시 분당구,불곡초등학교,분당경찰서,2022-08-25
869,37.376805,127.133126,성남-01-067,성남시 분당구,서당초등학교,분당경찰서,2022-08-31
870,37.376575,127.133379,성남-01-067,성남시 분당구,서당초등학교,분당경찰서,2022-08-31
871,37.375846,127.134204,성남-01-067,성남시 분당구,서당초등학교,분당경찰서,2022-08-31
872,37.375753,127.134292,성남-01-067,성남시 분당구,서당초등학교,분당경찰서,2022-08-31
873,37.375124,127.135022,성남-01-067,성남시 분당구,서당초등학교,분당경찰서,2022-08-31
874,37.374439,127.135794,성남-01-067,성남시 분당구,서당초등학교,분당경찰서,2022-08-31
875,37.374121,127.136147,성남-01-067,성남시 분당구,서당초등학교,분당경찰서,2022-08-31
876,37.403519,127.123461,성남-01-068,성남시 분당구,성남매송초등학교,분당경찰서,2022-07-27
877,37.402195,127.123443,성남-01-068,성남시 분당구,성남매송초등학교,분당경찰서,2022-07-27
878,37.399576,127.123704,성남-01-068,성남시 분당구,성남매송초등학교,분당경찰서,2022-07-27
879,37.400587,127.123709,성남-01-068,성남시 분당구,성남매송초등학교,분당경찰서,2022-07-27
880,37.401126,127.123713,성남-01-068,성남시 분당구,성남매송초등학교,분당경찰서,2022-07-27
881,37.372571,127.107343,성남-01-069,성남시 분당구,성남정자초등학교,분당경찰서,2022-08-25
882,37.372662,127.105918,성남-01-069,성남시 분당구,성남정자초등학교,분당경찰서,2022-08-25
883,37.372571,127.105718,성남-01-069,성남시 분당구,성남정자초등학교,분당경찰서,2022-08-25
884,37.372321,127.105008,성남-01-069,성남시 분당구,성남정자초등학교,분당경찰서,2022-08-25
885,37.372239,127.105776,성남-01-069,성남시 분당구,성남정자초등학교,분당경찰서,2022-08-25
886,37.371743,127.106007,성남-01-069,성남시 분당구,성남정자초등학교,분당경찰서,2022-08-25
887,37.372322,127.140621,성남-01-070,성남시 분당구,양영초등학교,분당경찰서,2022-08-22
888,37.372221,127.139674,성남-01-070,성남시 분당구,양영초등학교,분당경찰서,2022-08-22
889,37.372607,127.139701,성남-01-070,성남시 분당구,양영초등학교,분당경찰서,2022-08-22
890,37.372923,127.139108,성남-01-070,성남시 분당구,양영초등학교,분당경찰서,2022-08-22
891,37.372969,127.139063,성남-01-070,성남시 분당구,양영초등학교,분당경찰서,2022-08-22
892,37.373461,127.138521,성남-01-070,성남시 분당구,양영초등학교,분당경찰서,2022-08-22
893,37.373469,127.138512,성남-01-070,성남시 분당구,양영초등학교,분당경찰서,2022-08-22
894,37.374407,127.137479,성남-01-070,성남시 분당구,양영초등학교,분당경찰서,2022-08-22
895,37.375561,127.139031,성남-01-070,성남시 분당구,양영초등학교,분당경찰서,2022-08-22
896,37.375302,127.139205,성남-01-070,성남시 분당구,양영초등학교,분당경찰서,2022-08-22
897,37.375324,127.139366,성남-01-070,성남시 분당구,양영초등학교,분당경찰서,2022-08-22
898,37.374825,127.138939,성남-01-070,성남시 분당구,양영초등학교,분당경찰서,2022-08-22
899,37.374811,127.138931,성남-01-070,성남시 분당구,양영초등학교,분당경찰서,2022-08-22
900,37.374371,127.138456,성남-01-070,성남시 분당구,양영초등학교,분당경찰서,2022-08-22
901,37.374294,127.138298,성남-01-070,성남시 분당구,양영초등학교,분당경찰서,2022-08-22
902,37.373592,127.137356,성남-01-070,성남시 분당구,양영초등학교,분당경찰서,2022-08-22
903,37.373589,127.137356,성남-01-070,성남시 분당구,양영초등학교,분당경찰서,2022-08-22
904,37.373589,127.137354,성남-01-070,성남시 분당구,양영초등학교,분당경찰서,2022-08-22
905,37.414249,127.138803,성남-01-071,성남시 분당구,중탑초등학교,분당경찰서,2022-08-29
906,37.413805,127.138697,성남-01-071,성남시 분당구,중탑초등학교,분당경찰서,2022-08-29
907,37.413575,127.138881,성남-01-071,성남시 분당구,중탑초등학교,분당경찰서,2022-08-29
908,37.413318,127.138821,성남-01-071,성남시 분당구,중탑초등학교,분당경찰서,2022-08-29
909,37.413038,127.141802,성남-01-071,성남시 분당구,중탑초등학교,분당경찰서,2022-08-29
910,37.413121,127.140263,성남-01-071,성남시 분당구,중탑초등학교,분당경찰서,2022-08-29
911,37.413185,127.139038,성남-01-071,성남시 분당구,중탑초등학교,분당경찰서,2022-08-29
912,37.413303,127.134441,성남-01-071,성남시 분당구,중탑초등학교,분당경찰서,2022-08-29
913,37.412451,127.138644,성남-01-071,성남시 분당구,중탑초등학교,분당경찰서,2022-08-29
914,37.377232,127.116492,성남-01-072,성남시 분당구,초림초등학교,분당경찰서,2022-08-31
915,37.376963,127.116799,성남-01-072,성남시 분당구,초림초등학교,분당경찰서,2022-08-31
916,37.375858,127.118042,성남-01-072,성남시 분당구,초림초등학교,분당경찰서,2022-08-31
917,37.375852,127.118056,성남-01-072,성남시 분당구,초림초등학교,분당경찰서,2022-08-31
918,37.375641,127.118053,성남-01-072,성남시 분당구,초림초등학교,분당경찰서,2022-08-31
919,37.375681,127.118245,성남-01-072,성남시 분당구,초림초등학교,분당경찰서,2022-08-31
920,37.375423,127.118533,성남-01-072,성남시 분당구,초림초등학교,분당경찰서,2022-08-31
921,37.375431,127.118524,성남-01-072,성남시 분당구,초림초등학교,분당경찰서,2022-08-31
922,37.374663,127.119398,성남-01-072,성남시 분당구,초림초등학교,분당경찰서,2022-08-31
923,37.374368,127.119725,성남-01-072,성남시 분당구,초림초등학교,분당경찰서,2022-08-31
924,37.373931,127.118621,성남-01-072,성남시 분당구,초림초등학교,분당경찰서,2022-08-31
925,37.375265,127.117093,성남-01-072,성남시 분당구,초림초등학교,분당경찰서,2022-08-31
926,37.375621,127.116696,성남-01-072,성남시 분당구,초림초등학교,분당경찰서,2022-08-31
927,37.376561,127.115624,성남-01-072,성남시 분당구,초림초등학교,분당경찰서,2022-08-31
928,37.366852,127.071161,성남-01-073,성남시 분당구,판교대장초등학교,분당경찰서,2022-08-31
929,37.366965,127.071157,성남-01-073,성남시 분당구,판교대장초등학교,분당경찰서,2022-08-31
930,37.367258,127.071155,성남-01-073,성남시 분당구,판교대장초등학교,분당경찰서,2022-08-31
931,37.366807,127.070951,성남-01-073,성남시 분당구,판교대장초등학교,분당경찰서,2022-08-31
932,37.368111,127.070585,성남-01-073,성남시 분당구,판교대장초등학교,분당경찰서,2022-08-31
933,37.367844,127.071008,성남-01-073,성남시 분당구,판교대장초등학교,분당경찰서,2022-08-31
934,37.368105,127.070828,성남-01-073,성남시 분당구,판교대장초등학교,분당경찰서,2022-08-31
935,37.368628,127.070467,성남-01-073,성남시 분당구,판교대장초등학교,분당경찰서,2022-08-31
936,37.368912,127.070242,성남-01-073,성남시 분당구,판교대장초등학교,분당경찰서,2022-08-31
937,37.368646,127.070191,성남-01-073,성남시 분당구,판교대장초등학교,분당경찰서,2022-08-31
938,37.369029,127.069921,성남-01-073,성남시 분당구,판교대장초등학교,분당경찰서,2022-08-31
939,37.369198,127.069789,성남-01-073,성남시 분당구,판교대장초등학교,분당경찰서,2022-08-31
940,37.369617,127.069476,성남-01-073,성남시 분당구,판교대장초등학교,분당경찰서,2022-08-31
941,37.369813,127.069331,성남-01-073,성남시 분당구,판교대장초등학교,분당경찰서,2022-08-31
942,37.370507,127.068794,성남-01-073,성남시 분당구,판교대장초등학교,분당경찰서,2022-08-31
943,37.370701,127.068637,성남-01-073,성남시 분당구,판교대장초등학교,분당경찰서,2022-08-31
944,37.370953,127.068694,성남-01-073,성남시 분당구,판교대장초등학교,분당경찰서,2022-08-31
945,37.370725,127.069892,성남-01-073,성남시 분당구,판교대장초등학교,분당경찰서,2022-08-31
946,37.370603,127.070291,성남-01-073,성남시 분당구,판교대장초등학교,분당경찰서,2022-08-31
947,37.370551,127.069423,성남-01-073,성남시 분당구,판교대장초등학교,분당경찰서,2022-08-31
948,37.370383,127.069771,성남-01-073,성남시 분당구,판교대장초등학교,분당경찰서,2022-08-31
949,37.369492,127.068674,성남-01-073,성남시 분당구,판교대장초등학교,분당경찰서,2022-08-31
950,37.369242,127.068559,성남-01-073,성남시 분당구,판교대장초등학교,분당경찰서,2022-08-31
951,37.369884,127.068528,성남-01-073,성남시 분당구,판교대장초등학교,분당경찰서,2022-08-31
952,37.369803,127.068472,성남-01-073,성남시 분당구,판교대장초등학교,분당경찰서,2022-08-31
953,37.367212,127.067915,성남-01-073,성남시 분당구,판교대장초등학교,분당경찰서,2022-08-31
954,37.367656,127.068334,성남-01-073,성남시 분당구,판교대장초등학교,분당경찰서,2022-08-31
955,37.367514,127.068321,성남-01-073,성남시 분당구,판교대장초등학교,분당경찰서,2022-08-31
956,37.366821,127.068226,성남-01-073,성남시 분당구,판교대장초등학교,분당경찰서,2022-08-31
957,37.366575,127.068189,성남-01-073,성남시 분당구,판교대장초등학교,분당경찰서,2022-08-31
958,37.366474,127.067819,성남-01-073,성남시 분당구,판교대장초등학교,분당경찰서,2022-08-31
959,37.366824,127.068774,성남-01-073,성남시 분당구,판교대장초등학교,분당경찰서,2022-08-31
960,37.366831,127.068616,성남-01-073,성남시 분당구,판교대장초등학교,분당경찰서,2022-08-31
961,37.452625,127.150453,성남-01-074,성남시 수정구,별빛유치원,성남수정경찰서,2022-08-17
962,37.452561,127.149681,성남-01-074,성남시 수정구,별빛유치원,성남수정경찰서,2022-08-17
963,37.439085,127.137759,성남-01-075,성남시 수정구,성체유치원,성남수정경찰서,2022-08-26
964,37.439035,127.137677,성남-01-075,성남시 수정구,성체유치원,성남수정경찰서,2022-08-26
965,37.438941,127.137351,성남-01-075,성남시 수정구,성체유치원,성남수정경찰서,2022-08-26
966,37.449318,127.142367,성남-01-076,성남시 수정구,신흥성모유치원,성남수정경찰서,2022-09-02
967,37.450512,127.141666,성남-01-076,성남시 수정구,신흥성모유치원,성남수정경찰서,2022-09-02
968,37.448237,127.143694,성남-01-076,성남시 수정구,신흥성모유치원,성남수정경찰서,2022-09-02
969,37.446426,127.145096,성남-01-076,성남시 수정구,신흥성모유치원,성남수정경찰서,2022-09-02
970,37.447752,127.143717,성남-01-076,성남시 수정구,신흥성모유치원,성남수정경찰서,2022-09-02
971,37.448023,127.143469,성남-01-076,성남시 수정구,신흥성모유치원,성남수정경찰서,2022-09-02
972,37.467417,127.137963,성남-01-077,성남시 수정구,은솔유치원,성남수정경찰서,2022-08-25
973,37.468336,127.138033,성남-01-077,성남시 수정구,은솔유치원,성남수정경찰서,2022-08-25
974,37.467965,127.139161,성남-01-077,성남시 수정구,은솔유치원,성남수정경찰서,2022-08-25
975,37.467965,127.139182,성남-01-077,성남시 수정구,은솔유치원,성남수정경찰서,2022-08-25
976,37.467596,127.139169,성남-01-077,성남시 수정구,은솔유치원,성남수정경찰서,2022-08-25
977,37.467596,127.139149,성남-01-077,성남시 수정구,은솔유치원,성남수정경찰서,2022-08-25
978,37.470381,127.146991,성남-01-078,성남시 중원구,위례새초롱유치원,성남수정경찰서,2022-08-25
979,37.469935,127.147401,성남-01-078,성남시 중원구,위례새초롱유치원,성남수정경찰서,2022-08-25
980,37.469835,127.147915,성남-01-078,성남시 중원구,위례새초롱유치원,성남수정경찰서,2022-08-25
981,37.469776,127.148017,성남-01-078,성남시 중원구,위례새초롱유치원,성남수정경찰서,2022-08-25
982,37.469163,127.148327,성남-01-078,성남시 중원구,위례새초롱유치원,성남수정경찰서,2022-08-25
983,37.469163,127.148349,성남-01-078,성남시 중원구,위례새초롱유치원,성남수정경찰서,2022-08-25
984,37.469758,127.148017,성남-01-078,성남시 중원구,위례새초롱유치원,성남수정경찰서,2022-08-25
985,37.470074,127.148221,성남-01-078,성남시 중원구,위례새초롱유치원,성남수정경찰서,2022-08-25
986,37.470069,127.148221,성남-01-078,성남시 중원구,위례새초롱유치원,성남수정경찰서,2022-08-25
987,37.469771,127.149311,성남-01-078,성남시 중원구,위례새초롱유치원,성남수정경찰서,2022-08-25
988,37.469715,127.149961,성남-01-078,성남시 중원구,위례새초롱유치원,성남수정경찰서,2022-08-25
989,37.470162,127.147554,성남-01-078,성남시 중원구,위례새초롱유치원,성남수정경찰서,2022-08-25
990,37.470039,127.148656,성남-01-078,성남시 중원구,위례새초롱유치원,성남수정경찰서,2022-08-25
991,37.467277,127.152409,성남-01-079,성남시 수정구,위례하늘유치원,성남수정경찰서,2022-09-02
992,37.467681,127.150185,성남-01-079,성남시 수정구,위례하늘유치원,성남수정경찰서,2022-09-02
993,37.427243,127.096462,성남-01-080,성남시 수정구,고등나래유치원,성남수정경찰서,2022-09-02
994,37.427228,127.096474,성남-01-080,성남시 수정구,고등나래유치원,성남수정경찰서,2022-09-02
995,37.426883,127.096199,성남-01-080,성남시 수정구,고등나래유치원,성남수정경찰서,2022-09-02
996,37.426885,127.096185,성남-01-080,성남시 수정구,고등나래유치원,성남수정경찰서,2022-09-02
997,37.427043,127.096369,성남-01-080,성남시 수정구,고등나래유치원,성남수정경찰서,2022-09-02
998,37.442753,127.134851,성남-01-081,성남시 수정구,은서유치원,성남수정경찰서,2022-09-02
999,37.443368,127.134574,성남-01-081,성남시 수정구,은서유치원,성남수정경찰서,2022-09-02
1000,37.443551,127.135269,성남-01-081,성남시 수정구,은서유치원,성남수정경찰서,2022-09-02
1001,37.452015,127.162277,성남-01-082,성남시 중원구,선경유치원,성남중원경찰서,2022-08-04
1002,37.452553,127.162513,성남-01-082,성남시 중원구,선경유치원,성남중원경찰서,2022-08-04
1003,37.452924,127.162491,성남-01-082,성남시 중원구,선경유치원,성남중원경찰서,2022-08-04
1004,37.452591,127.162526,성남-01-082,성남시 중원구,선경유치원,성남중원경찰서,2022-08-04
1005,37.434567,127.143075,성남-01-083,성남시 중원구,예원유치원,성남중원경찰서,2022-08-26
1006,37.433857,127.142849,성남-01-083,성남시 중원구,예원유치원,성남중원경찰서,2022-08-26
1007,37.447883,127.162804,성남-01-084,성남시 중원구,다솜유치원,성남중원경찰서,2022-08-22
1008,37.448058,127.163259,성남-01-084,성남시 중원구,다솜유치원,성남중원경찰서,2022-08-22
1009,37.448065,127.163268,성남-01-084,성남시 중원구,다솜유치원,성남중원경찰서,2022-08-22
1010,37.415069,127.147957,성남-01-085,성남시 중원구,도촌유치원,성남중원경찰서,2022-08-04
1011,37.413945,127.149977,성남-01-085,성남시 중원구,도촌유치원,성남중원경찰서,2022-08-04
1012,37.413868,127.149954,성남-01-085,성남시 중원구,도촌유치원,성남중원경찰서,2022-08-04
1013,37.413632,127.150115,성남-01-085,성남시 중원구,도촌유치원,성남중원경찰서,2022-08-04
1014,37.414243,127.151322,성남-01-085,성남시 중원구,도촌유치원,성남중원경찰서,2022-08-04
1015,37.414388,127.150582,성남-01-085,성남시 중원구,도촌유치원,성남중원경찰서,2022-08-04
1016,37.414475,127.151305,성남-01-085,성남시 중원구,도촌유치원,성남중원경찰서,2022-08-04
1017,37.367136,127.125407,성남-01-086,성남시 분당구,아름다운유치원,분당경찰서,2022-08-22
1018,37.368444,127.110736,성남-01-087,성남시 분당구,안촌유치원,분당경찰서,2022-08-11
1019,37.368643,127.111512,성남-01-087,성남시 분당구,안촌유치원,분당경찰서,2022-08-11
1020,37.368451,127.111735,성남-01-087,성남시 분당구,안촌유치원,분당경찰서,2022-08-11
1021,37.368451,127.111704,성남-01-087,성남시 분당구,안촌유치원,분당경찰서,2022-08-11
1022,37.368451,127.112545,성남-01-087,성남시 분당구,안촌유치원,분당경찰서,2022-08-11
1023,37.368651,127.112943,성남-01-087,성남시 분당구,안촌유치원,분당경찰서,2022-08-11
1024,37.368657,127.113761,성남-01-087,성남시 분당구,안촌유치원,분당경찰서,2022-08-11
1025,37.373422,127.136931,성남-01-088,성남시 분당구,세화유치원,분당경찰서,2022-08-22
1026,37.372605,127.137851,성남-01-088,성남시 분당구,세화유치원,분당경찰서,2022-08-22
1027,37.371743,127.138812,성남-01-088,성남시 분당구,세화유치원,분당경찰서,2022-08-22
1028,37.371493,127.137085,성남-01-088,성남시 분당구,세화유치원,분당경찰서,2022-08-22
1029,37.371554,127.136938,성남-01-088,성남시 분당구,세화유치원,분당경찰서,2022-08-22
1030,37.371904,127.136679,성남-01-088,성남시 분당구,세화유치원,분당경찰서,2022-08-22
1031,37.371924,127.136521,성남-01-088,성남시 분당구,세화유치원,분당경찰서,2022-08-22
1032,37.372132,127.136287,성남-01-088,성남시 분당구,세화유치원,분당경찰서,2022-08-22
1033,37.374163,127.142074,성남-01-089,성남시 분당구,분당중앙유치원,분당경찰서,2022-08-17
1034,37.373831,127.142201,성남-01-089,성남시 분당구,분당중앙유치원,분당경찰서,2022-08-17
1035,37.373749,127.141907,성남-01-089,성남시 분당구,분당중앙유치원,분당경찰서,2022-08-17
1036,37.373654,127.142141,성남-01-089,성남시 분당구,분당중앙유치원,분당경찰서,2022-08-17
1037,37.373537,127.141827,성남-01-089,성남시 분당구,분당중앙유치원,분당경찰서,2022-08-17
1038,37.373357,127.141739,성남-01-089,성남시 분당구,분당중앙유치원,분당경찰서,2022-08-17
1039,37.372939,127.141473,성남-01-089,성남시 분당구,분당중앙유치원,분당경찰서,2022-08-17
1040,37.371762,127.140367,성남-01-089,성남시 분당구,분당중앙유치원,분당경찰서,2022-08-17
1041,37.371881,127.140173,성남-01-089,성남시 분당구,분당중앙유치원,분당경찰서,2022-08-17
1042,37.349185,127.111923,성남-01-090,성남시 분당구,꿈터유치원,분당경찰서,2022-08-22
1043,37.348694,127.112098,성남-01-090,성남시 분당구,꿈터유치원,분당경찰서,2022-08-22
1044,37.348068,127.112105,성남-01-090,성남시 분당구,꿈터유치원,분당경찰서,2022-08-22
1045,37.347721,127.111933,성남-01-090,성남시 분당구,꿈터유치원,분당경찰서,2022-08-22
1046,37.346978,127.112112,성남-01-090,성남시 분당구,꿈터유치원,분당경찰서,2022-08-22
1047,37.346214,127.112114,성남-01-090,성남시 분당구,꿈터유치원,분당경찰서,2022-08-22
1048,37.406607,127.142257,성남-01-091,성남시 분당구,배성유치원,분당경찰서,2022-08-31
1049,37.405697,127.144181,성남-01-091,성남시 분당구,배성유치원,분당경찰서,2022-08-31
1050,37.405784,127.144593,성남-01-091,성남시 분당구,배성유치원,분당경찰서,2022-08-31
1051,37.405985,127.144119,성남-01-091,성남시 분당구,배성유치원,분당경찰서,2022-08-31
1052,37.353307,127.109721,성남-01-092,성남시 분당구,이솔유치원,분당경찰서,2022-08-25
1053,37.353563,127.110584,성남-01-092,성남시 분당구,이솔유치원,분당경찰서,2022-08-25
1054,37.353232,127.110691,성남-01-092,성남시 분당구,이솔유치원,분당경찰서,2022-08-25
1055,37.352855,127.111613,성남-01-092,성남시 분당구,이솔유치원,분당경찰서,2022-08-25
1056,37.352875,127.112262,성남-01-092,성남시 분당구,이솔유치원,분당경찰서,2022-08-25
1057,37.352555,127.112146,성남-01-092,성남시 분당구,이솔유치원,분당경찰서,2022-08-25
1058,37.352268,127.113344,성남-01-092,성남시 분당구,이솔유치원,분당경찰서,2022-08-25
1059,37.352038,127.113759,성남-01-092,성남시 분당구,이솔유치원,분당경찰서,2022-08-25
1060,37.351689,127.113711,성남-01-092,성남시 분당구,이솔유치원,분당경찰서,2022-08-25
1061,37.351577,127.114591,성남-01-092,성남시 분당구,이솔유치원,분당경찰서,2022-08-25
1062,37.340473,127.122614,성남-01-093,성남시 분당구,분당성모유치원,분당경찰서,2022-08-25
1063,37.340215,127.123135,성남-01-093,성남시 분당구,분당성모유치원,분당경찰서,2022-08-25
1064,37.339988,127.123443,성남-01-093,성남시 분당구,분당성모유치원,분당경찰서,2022-08-25
1065,37.340759,127.124551,성남-01-093,성남시 분당구,분당성모유치원,분당경찰서,2022-08-25
1066,37.393277,127.075712,성남-01-094,성남시 분당구,판교샘유치원,분당경찰서,2022-09-01
1067,37.393226,127.074194,성남-01-094,성남시 분당구,판교샘유치원,분당경찰서,2022-09-01
1068,37.393224,127.073952,성남-01-094,성남시 분당구,판교샘유치원,분당경찰서,2022-09-01
1069,37.393082,127.073727,성남-01-094,성남시 분당구,판교샘유치원,분당경찰서,2022-09-01
1070,37.393217,127.073091,성남-01-094,성남시 분당구,판교샘유치원,분당경찰서,2022-09-01
1071,37.393231,127.072707,성남-01-094,성남시 분당구,판교샘유치원,분당경찰서,2022-09-01
1072,37.393075,127.072867,성남-01-094,성남시 분당구,판교샘유치원,분당경찰서,2022-09-01
1073,37.393061,127.071995,성남-01-094,성남시 분당구,판교샘유치원,분당경찰서,2022-09-01
1074,37.393063,127.072001,성남-01-094,성남시 분당구,판교샘유치원,분당경찰서,2022-09-01
1075,37.393058,127.071805,성남-01-094,성남시 분당구,판교샘유치원,분당경찰서,2022-09-01
1076,37.393214,127.070547,성남-01-094,성남시 분당구,판교샘유치원,분당경찰서,2022-09-01
1077,37.393214,127.070547,성남-01-094,성남시 분당구,판교샘유치원,분당경찰서,2022-09-01
1078,37.371067,127.139565,성남-01-095,성남시 분당구,장안유치원,분당경찰서,2022-08-17
1079,37.370668,127.140021,성남-01-095,성남시 분당구,장안유치원,분당경찰서,2022-08-17
1080,37.370731,127.140193,성남-01-095,성남시 분당구,장안유치원,분당경찰서,2022-08-17
1081,37.370112,127.141228,성남-01-095,성남시 분당구,장안유치원,분당경찰서,2022-08-17
1082,37.416401,127.135144,성남-01-096,성남시 분당구,뽀뽀뽀유치원,분당경찰서,2022-08-25
1083,37.416291,127.135511,성남-01-096,성남시 분당구,뽀뽀뽀유치원,분당경찰서,2022-08-25
1084,37.416485,127.135685,성남-01-096,성남시 분당구,뽀뽀뽀유치원,분당경찰서,2022-08-25
1085,37.415882,127.136629,성남-01-096,성남시 분당구,뽀뽀뽀유치원,분당경찰서,2022-08-25
1086,37.414591,127.139196,성남-01-096,성남시 분당구,뽀뽀뽀유치원,분당경찰서,2022-08-25
1087,37.414959,127.138703,성남-01-096,성남시 분당구,뽀뽀뽀유치원,분당경찰서,2022-08-25
1088,37.414908,127.138868,성남-01-096,성남시 분당구,뽀뽀뽀유치원,분당경찰서,2022-08-25
1089,37.414198,127.142733,성남-01-096,성남시 분당구,뽀뽀뽀유치원,분당경찰서,2022-08-25
1090,37.359725,127.123946,성남-01-097,성남시 분당구,창조유치원,분당경찰서,2022-08-26
1091,37.359616,127.124339,성남-01-097,성남시 분당구,창조유치원,분당경찰서,2022-08-26
1092,37.359638,127.124756,성남-01-097,성남시 분당구,창조유치원,분당경찰서,2022-08-26
1093,37.359309,127.125323,성남-01-097,성남시 분당구,창조유치원,분당경찰서,2022-08-26
1094,37.358801,127.124491,성남-01-097,성남시 분당구,창조유치원,분당경찰서,2022-08-26
1095,37.359215,127.124169,성남-01-097,성남시 분당구,창조유치원,분당경찰서,2022-08-26
1096,37.359483,127.124556,성남-01-097,성남시 분당구,창조유치원,분당경찰서,2022-08-26
1097,37.359816,127.124514,성남-01-097,성남시 분당구,창조유치원,분당경찰서,2022-08-26
1098,37.359836,127.124525,성남-01-097,성남시 분당구,창조유치원,분당경찰서,2022-08-26
1099,37.359942,127.124579,성남-01-097,성남시 분당구,창조유치원,분당경찰서,2022-08-26
1100,37.388501,127.097671,성남-01-098,성남시 분당구,해나유치원,분당경찰서,2022-08-25
1101,37.389332,127.097715,성남-01-098,성남시 분당구,해나유치원,분당경찰서,2022-08-25
1102,37.389551,127.097717,성남-01-098,성남시 분당구,해나유치원,분당경찰서,2022-08-25
1103,37.389711,127.097525,성남-01-098,성남시 분당구,해나유치원,분당경찰서,2022-08-25
1104,37.389791,127.098123,성남-01-098,성남시 분당구,해나유치원,분당경찰서,2022-08-25
1105,37.390606,127.098204,성남-01-098,성남시 분당구,해나유치원,분당경찰서,2022-08-25
1106,37.390611,127.097806,성남-01-098,성남시 분당구,해나유치원,분당경찰서,2022-08-25
1107,37.390823,127.097656,성남-01-098,성남시 분당구,해나유치원,분당경찰서,2022-08-25
1108,37.391171,127.097756,성남-01-098,성남시 분당구,해나유치원,분당경찰서,2022-08-25
1109,37.391514,127.098078,성남-01-098,성남시 분당구,해나유치원,분당경찰서,2022-08-25
1110,37.392026,127.098241,성남-01-098,성남시 분당구,해나유치원,분당경찰서,2022-08-25
1111,37.405065,127.125344,성남-01-099,성남시 분당구,꾸러기유치원,분당경찰서,2022-07-27
1112,37.401893,127.125545,성남-01-099,성남시 분당구,꾸러기유치원,분당경찰서,2022-07-27
1113,37.403574,127.125308,성남-01-099,성남시 분당구,꾸러기유치원,분당경찰서,2022-07-27
1114,37.403641,127.125573,성남-01-099,성남시 분당구,꾸러기유치원,분당경찰서,2022-07-27
1115,37.403544,127.125308,성남-01-099,성남시 분당구,꾸러기유치원,분당경찰서,2022-07-27
1116,37.371498,127.125907,성남-01-100,성남시 분당구,샛별유치원,분당경찰서,2022-08-22
1117,37.370861,127.126585,성남-01-100,성남시 분당구,샛별유치원,분당경찰서,2022-08-22
1118,37.370213,127.127322,성남-01-100,성남시 분당구,샛별유치원,분당경찰서,2022-08-22
1119,37.370718,127.127353,성남-01-100,성남시 분당구,샛별유치원,분당경찰서,2022-08-22
1120,37.369543,127.128669,성남-01-100,성남시 분당구,샛별유치원,분당경찰서,2022-08-22
1121,37.412962,127.133735,성남-01-101,성남시 분당구,성마르코유치원,분당경찰서,2022-07-27
1122,37.411924,127.133719,성남-01-101,성남시 분당구,성마르코유치원,분당경찰서,2022-07-27
1123,37.410899,127.133701,성남-01-101,성남시 분당구,성마르코유치원,분당경찰서,2022-07-27
1124,37.411041,127.133101,성남-01-101,성남시 분당구,성마르코유치원,분당경찰서,2022-07-27
1125,37.409853,127.134035,성남-01-101,성남시 분당구,성마르코유치원,분당경찰서,2022-07-27
1126,37.410347,127.133709,성남-01-101,성남시 분당구,성마르코유치원,분당경찰서,2022-07-27
1127,37.410581,127.134037,성남-01-101,성남시 분당구,성마르코유치원,분당경찰서,2022-07-27
1128,37.410939,127.134037,성남-01-101,성남시 분당구,성마르코유치원,분당경찰서,2022-07-27
1129,37.411716,127.134037,성남-01-101,성남시 분당구,성마르코유치원,분당경찰서,2022-07-27
1130,37.412701,127.133726,성남-01-101,성남시 분당구,성마르코유치원,분당경찰서,2022-07-27
1131,37.412565,127.134059,성남-01-101,성남시 분당구,성마르코유치원,분당경찰서,2022-07-27
1132,37.393592,127.130554,성남-01-102,성남시 분당구,동명유치원,분당경찰서,2022-08-25
1133,37.393481,127.130541,성남-01-102,성남시 분당구,동명유치원,분당경찰서,2022-08-25
1134,37.392899,127.131274,성남-01-102,성남시 분당구,동명유치원,분당경찰서,2022-08-25
1135,37.393499,127.130285,성남-01-102,성남시 분당구,동명유치원,분당경찰서,2022-08-25
1136,37.393961,127.129271,성남-01-102,성남시 분당구,동명유치원,분당경찰서,2022-08-25
1137,37.360131,127.111808,성남-01-103,성남시 분당구,은혜유치원,분당경찰서,2022-08-17
1138,37.360742,127.112539,성남-01-103,성남시 분당구,은혜유치원,분당경찰서,2022-08-17
1139,37.361563,127.112161,성남-01-103,성남시 분당구,은혜유치원,분당경찰서,2022-08-17
1140,37.361756,127.110817,성남-01-103,성남시 분당구,은혜유치원,분당경찰서,2022-08-17
1141,37.361602,127.111819,성남-01-103,성남시 분당구,은혜유치원,분당경찰서,2022-08-17
1142,37.361613,127.112257,성남-01-103,성남시 분당구,은혜유치원,분당경찰서,2022-08-17
1143,37.361757,127.112339,성남-01-103,성남시 분당구,은혜유치원,분당경찰서,2022-08-17
1144,37.398404,127.096503,성남-01-104,성남시 분당구,숲리라유치원,분당경찰서,2022-08-25
1145,37.398427,127.096835,성남-01-104,성남시 분당구,숲리라유치원,분당경찰서,2022-08-25
1146,37.398552,127.096805,성남-01-104,성남시 분당구,숲리라유치원,분당경찰서,2022-08-25
1147,37.398557,127.096811,성남-01-104,성남시 분당구,숲리라유치원,분당경찰서,2022-08-25
1148,37.398737,127.097147,성남-01-104,성남시 분당구,숲리라유치원,분당경찰서,2022-08-25
1149,37.398863,127.097382,성남-01-104,성남시 분당구,숲리라유치원,분당경찰서,2022-08-25
1150,37.398742,127.097439,성남-01-104,성남시 분당구,숲리라유치원,분당경찰서,2022-08-25
1151,37.398935,127.097588,성남-01-104,성남시 분당구,숲리라유치원,분당경찰서,2022-08-25
1152,37.398859,127.097671,성남-01-104,성남시 분당구,숲리라유치원,분당경찰서,2022-08-25
1153,37.398745,127.097767,성남-01-104,성남시 분당구,숲리라유치원,분당경찰서,2022-08-25
1154,37.399128,127.097592,성남-01-104,성남시 분당구,숲리라유치원,분당경찰서,2022-08-25
1155,37.399071,127.097803,성남-01-104,성남시 분당구,숲리라유치원,분당경찰서,2022-08-25
1156,37.351314,127.110024,성남-01-105,성남시 분당구,즐거운유치원,분당경찰서,2022-08-22
1157,37.351317,127.111069,성남-01-105,성남시 분당구,즐거운유치원,분당경찰서,2022-08-22
1158,37.351461,127.111156,성남-01-105,성남시 분당구,즐거운유치원,분당경찰서,2022-08-22
1159,37.350823,127.112078,성남-01-105,성남시 분당구,즐거운유치원,분당경찰서,2022-08-22
1160,37.388065,127.114225,성남-01-106,성남시 분당구,희영유치원,분당경찰서,2022-08-29
1161,37.388381,127.114508,성남-01-106,성남시 분당구,희영유치원,분당경찰서,2022-08-29
1162,37.444685,127.160421,성남-01-107,성남시 중원구,혜성유치원,성남중원경찰서,2022-08-22
1163,37.444367,127.159429,성남-01-107,성남시 중원구,혜성유치원,성남중원경찰서,2022-08-22
1164,37.449186,127.155271,성남-01-108,성남시 수정구,단대어린이집,성남수정경찰서,2022-08-17
1165,37.448841,127.155641,성남-01-108,성남시 수정구,단대어린이집,성남수정경찰서,2022-08-17
1166,37.450081,127.156208,성남-01-108,성남시 수정구,단대어린이집,성남수정경찰서,2022-08-17
1167,37.453301,127.149787,성남-01-109,성남시 수정구,산성어린이집,성남수정경찰서,2022-08-17
1168,37.453186,127.150659,성남-01-109,성남시 수정구,산성어린이집,성남수정경찰서,2022-08-17
1169,37.453158,127.150895,성남-01-109,성남시 수정구,산성어린이집,성남수정경찰서,2022-08-17
1170,37.453097,127.150982,성남-01-109,성남시 수정구,산성어린이집,성남수정경찰서,2022-08-17
1171,37.452913,127.150843,성남-01-109,성남시 수정구,산성어린이집,성남수정경찰서,2022-08-17
1172,37.448035,127.141064,성남-01-110,성남시 수정구,태평4동어린이집,성남수정경찰서,2022-08-11
1173,37.447212,127.141525,성남-01-110,성남시 수정구,태평4동어린이집,성남수정경찰서,2022-08-11
1174,37.438259,127.138664,성남-01-111,성남시 수정구,수진동어린이집,성남수정경찰서,2022-08-26
1175,37.438176,127.138491,성남-01-111,성남시 수정구,수진동어린이집,성남수정경찰서,2022-08-26
1176,37.437872,127.138044,성남-01-111,성남시 수정구,수진동어린이집,성남수정경찰서,2022-08-26
1177,37.438174,127.138489,성남-01-111,성남시 수정구,수진동어린이집,성남수정경찰서,2022-08-26
1178,37.448892,127.144231,성남-01-112,성남시 수정구,신흥제2어린이집,성남수정경찰서,2022-08-29
1179,37.449033,127.144442,성남-01-112,성남시 수정구,신흥제2어린이집,성남수정경찰서,2022-08-29
1180,37.449495,127.144765,성남-01-112,성남시 수정구,신흥제2어린이집,성남수정경찰서,2022-08-29
1181,37.441582,127.127979,성남-01-113,성남시 수정구,리틀플러스어린이집,성남수정경찰서,2022-08-04
1182,37.441905,127.129459,성남-01-113,성남시 수정구,리틀플러스어린이집,성남수정경찰서,2022-08-04
1183,37.441724,127.128484,성남-01-113,성남시 수정구,리틀플러스어린이집,성남수정경찰서,2022-08-04
1184,37.435178,127.127575,성남-01-114,성남시 수정구,한양어린이집,성남수정경찰서,2022-08-04
1185,37.436992,127.126617,성남-01-114,성남시 수정구,한양어린이집,성남수정경찰서,2022-08-04
1186,37.443365,127.148742,성남-01-115,성남시 수정구,신흥제3어린이집,성남수정경찰서,2022-08-11
1187,37.461044,127.129921,성남-01-116,성남시 수정구,복정어린이집,성남수정경찰서,2022-08-25
1188,37.463521,127.128865,성남-01-117,성남시 수정구,복정2어린이집,성남수정경찰서,2022-08-25
1189,37.463482,127.129436,성남-01-117,성남시 수정구,복정2어린이집,성남수정경찰서,2022-08-25
1190,37.442238,127.134421,성남-01-118,성남시 수정구,아이세상어린이집,성남수정경찰서,2022-09-02
1191,37.442379,127.134891,성남-01-118,성남시 수정구,아이세상어린이집,성남수정경찰서,2022-09-02
1192,37.433489,127.165992,성남-01-119,성남시 중원구,다솜어린이집,성남중원경찰서,2022-08-26
1193,37.434022,127.166005,성남-01-119,성남시 중원구,다솜어린이집,성남중원경찰서,2022-08-26
1194,37.434685,127.166001,성남-01-119,성남시 중원구,다솜어린이집,성남중원경찰서,2022-08-26
1195,37.442411,127.159129,성남-01-120,성남시 중원구,중앙동어린이집,성남중원경찰서,2022-08-22
1196,37.442239,127.158913,성남-01-120,성남시 중원구,중앙동어린이집,성남중원경찰서,2022-08-22
1197,37.442077,127.158819,성남-01-120,성남시 중원구,중앙동어린이집,성남중원경찰서,2022-08-22
1198,37.441924,127.158559,성남-01-120,성남시 중원구,중앙동어린이집,성남중원경찰서,2022-08-22
1199,37.442258,127.157848,성남-01-120,성남시 중원구,중앙동어린이집,성남중원경찰서,2022-08-22
1200,37.442511,127.157574,성남-01-120,성남시 중원구,중앙동어린이집,성남중원경찰서,2022-08-22
1201,37.442743,127.157318,성남-01-120,성남시 중원구,중앙동어린이집,성남중원경찰서,2022-08-22
1202,37.442788,127.157386,성남-01-120,성남시 중원구,중앙동어린이집,성남중원경찰서,2022-08-22
1203,37.442511,127.156635,성남-01-120,성남시 중원구,중앙동어린이집,성남중원경찰서,2022-08-22
1204,37.442542,127.156439,성남-01-120,성남시 중원구,중앙동어린이집,성남중원경찰서,2022-08-22
1205,37.443004,127.155845,성남-01-120,성남시 중원구,중앙동어린이집,성남중원경찰서,2022-08-22
1206,37.442973,127.155777,성남-01-120,성남시 중원구,중앙동어린이집,성남중원경찰서,2022-08-22
1207,37.427473,127.148841,성남-01-122,성남시 중원구,하대원어린이집,성남중원경찰서,2022-09-01
1208,37.428022,127.149141,성남-01-122,성남시 중원구,하대원어린이집,성남중원경찰서,2022-09-01
1209,37.427337,127.149425,성남-01-122,성남시 중원구,하대원어린이집,성남중원경찰서,2022-09-01
1210,37.427814,127.150188,성남-01-122,성남시 중원구,하대원어린이집,성남중원경찰서,2022-09-01
1211,37.405489,127.148817,성남-01-123,성남시 분당구,서광어린이집,분당경찰서,2022-08-22
1212,37.405045,127.150428,성남-01-123,성남시 분당구,서광어린이집,분당경찰서,2022-08-22
1213,37.369232,127.142586,성남-01-124,성남시 분당구,분당동어린이집,분당경찰서,2022-08-17
1214,37.368704,127.143415,성남-01-124,성남시 분당구,분당동어린이집,분당경찰서,2022-08-17
1215,37.368755,127.144059,성남-01-124,성남시 분당구,분당동어린이집,분당경찰서,2022-08-17
1216,37.368834,127.143554,성남-01-124,성남시 분당구,분당동어린이집,분당경찰서,2022-08-17
1217,37.386538,127.086758,성남-01-125,성남시 분당구,판교어린이집,분당경찰서,2022-09-01
1218,37.389275,127.090203,성남-01-125,성남시 분당구,판교어린이집,분당경찰서,2022-09-01
1219,37.383081,127.124751,성남-01-126,성남시 분당구,서현어린이집,분당경찰서,2022-08-22
1220,37.382372,127.125571,성남-01-126,성남시 분당구,서현어린이집,분당경찰서,2022-08-22
1221,37.381867,127.126272,성남-01-126,성남시 분당구,서현어린이집,분당경찰서,2022-08-22
1222,37.381298,127.127513,성남-01-126,성남시 분당구,서현어린이집,분당경찰서,2022-08-22
1223,37.370996,127.115063,성남-01-127,성남시 분당구,성남숲어린이집,분당경찰서,2022-08-25
1224,37.370885,127.115257,성남-01-127,성남시 분당구,성남숲어린이집,분당경찰서,2022-08-25
1225,37.391278,127.133584,성남-01-128,성남시 분당구,갈보리어린이집,분당경찰서,2022-08-25
1226,37.391815,127.132762,성남-01-128,성남시 분당구,갈보리어린이집,분당경찰서,2022-08-25
1227,37.390254,127.132726,성남-01-128,성남시 분당구,갈보리어린이집,분당경찰서,2022-08-25
1228,37.390785,127.134963,성남-01-128,성남시 분당구,갈보리어린이집,분당경찰서,2022-08-25
1229,37.391366,127.133744,성남-01-128,성남시 분당구,갈보리어린이집,분당경찰서,2022-08-25
1230,37.370319,127.094705,성남-01-129,성남시 분당구,푸르니궁내어린이집,분당경찰서,2022-08-31
1231,37.369885,127.096906,성남-01-129,성남시 분당구,푸르니궁내어린이집,분당경찰서,2022-08-31
1232,37.405791,127.123709,성남-01-130,성남시 분당구,더늘사랑어린이집,분당경찰서,2022-08-31
1233,37.407041,127.123503,성남-01-130,성남시 분당구,더늘사랑어린이집,분당경찰서,2022-08-31
1234,37.407151,127.123683,성남-01-130,성남시 분당구,더늘사랑어린이집,분당경찰서,2022-08-31
1235,37.407835,127.123385,성남-01-130,성남시 분당구,더늘사랑어린이집,분당경찰서,2022-08-31
1236,37.408432,127.123188,성남-01-130,성남시 분당구,더늘사랑어린이집,분당경찰서,2022-08-31
1237,37.405787,127.115851,성남-01-131,성남시 분당구,삼평어린이집,분당경찰서,2022-08-31
1238,37.405989,127.116583,성남-01-131,성남시 분당구,삼평어린이집,분당경찰서,2022-08-31
1239,37.406299,127.116446,성남-01-131,성남시 분당구,삼평어린이집,분당경찰서,2022-08-31
1240,37.406382,127.115847,성남-01-131,성남시 분당구,삼평어린이집,분당경찰서,2022-08-31
1241,37.390777,127.090529,성남-01-132,성남시 분당구,판교제2어린이집,분당경찰서,2022-09-01
1242,37.391471,127.090781,성남-01-132,성남시 분당구,판교제2어린이집,분당경찰서,2022-09-01
1243,37.391471,127.090781,성남-01-132,성남시 분당구,판교제2어린이집,분당경찰서,2022-09-01
1244,37.391079,127.092663,성남-01-132,성남시 분당구,판교제2어린이집,분당경찰서,2022-09-01
1245,37.391757,127.089373,성남-01-132,성남시 분당구,판교제2어린이집,분당경찰서,2022-09-01
1246,37.379133,127.114511,성남-01-133,성남시 분당구,수내동어린이집,분당경찰서,2022-08-26
1247,37.379309,127.114761,성남-01-133,성남시 분당구,수내동어린이집,분당경찰서,2022-08-26
1248,37.345372,127.111941,성남-01-134,성남시 분당구,구미동어린이집,분당경찰서,2022-08-22
1249,37.344759,127.111959,성남-01-134,성남시 분당구,구미동어린이집,분당경찰서,2022-08-22
1250,37.344662,127.112141,성남-01-134,성남시 분당구,구미동어린이집,분당경찰서,2022-08-22
1251,37.344234,127.112128,성남-01-134,성남시 분당구,구미동어린이집,분당경찰서,2022-08-22
1252,37.343883,127.111961,성남-01-134,성남시 분당구,구미동어린이집,분당경찰서,2022-08-22
1253,37.343574,127.112129,성남-01-134,성남시 분당구,구미동어린이집,분당경찰서,2022-08-22
1254,37.406568,127.153277,성남-01-135,성남시 분당구,야탑보듬이나눔이어린이집,분당경찰서,2022-08-22
1255,37.406475,127.152108,성남-01-135,성남시 분당구,야탑보듬이나눔이어린이집,분당경찰서,2022-08-22
1256,37.406432,127.152032,성남-01-135,성남시 분당구,야탑보듬이나눔이어린이집,분당경찰서,2022-08-22
1257,37.406216,127.151738,성남-01-135,성남시 분당구,야탑보듬이나눔이어린이집,분당경찰서,2022-08-22
1258,37.406107,127.150718,성남-01-135,성남시 분당구,야탑보듬이나눔이어린이집,분당경찰서,2022-08-22
1259,37.406432,127.152015,성남-01-135,성남시 분당구,야탑보듬이나눔이어린이집,분당경찰서,2022-08-22
1260,37.406281,127.152321,성남-01-135,성남시 분당구,야탑보듬이나눔이어린이집,분당경찰서,2022-08-22
1261,37.406401,127.151682,성남-01-135,성남시 분당구,야탑보듬이나눔이어린이집,분당경찰서,2022-08-22
1262,37.406386,127.151569,성남-01-135,성남시 분당구,야탑보듬이나눔이어린이집,분당경찰서,2022-08-22
1263,37.448896,127.157851,성남-01-136,성남시 수정구,예림어린이집,성남수정경찰서,2022-08-29
1264,37.449221,127.158015,성남-01-136,성남시 수정구,예림어린이집,성남수정경찰서,2022-08-29
1265,37.450644,127.151491,성남-01-137,성남시 수정구,성남혜은학교,성남수정경찰서,2022-08-17
1266,37.450357,127.151898,성남-01-137,성남시 수정구,성남혜은학교,성남수정경찰서,2022-08-17
1267,37.450029,127.152759,성남-01-137,성남시 수정구,성남혜은학교,성남수정경찰서,2022-08-17
1268,37.450497,127.153254,성남-01-137,성남시 수정구,성남혜은학교,성남수정경찰서,2022-08-17
1269,37.450007,127.152744,성남-01-137,성남시 수정구,성남혜은학교,성남수정경찰서,2022-08-17
1270,37.449633,127.152874,성남-01-137,성남시 수정구,성남혜은학교,성남수정경찰서,2022-08-17
1271,37.449771,127.152991,성남-01-137,성남시 수정구,성남혜은학교,성남수정경찰서,2022-08-17
1272,37.449565,127.153252,성남-01-137,성남시 수정구,성남혜은학교,성남수정경찰서,2022-08-17
1273,37.448879,127.153745,성남-01-137,성남시 수정구,성남혜은학교,성남수정경찰서,2022-08-17
1274,37.410921,127.143659,성남-01-138,성남시 분당구,성은학교,분당경찰서,2022-09-07
1275,37.408329,127.143195,성남-01-138,성남시 분당구,성은학교,분당경찰서,2022-09-07
1276,37.408686,127.143571,성남-01-138,성남시 분당구,성은학교,분당경찰서,2022-09-07
1277,37.409556,127.143861,성남-01-138,성남시 분당구,성은학교,분당경찰서,2022-09-07
1278,37.410328,127.143899,성남-01-138,성남시 분당구,성은학교,분당경찰서,2022-09-07
1279,37.465471,127.127077,성남-01-139,성남시 수정구,서울국제학교,성남수정경찰서,2022-08-25
1280,37.464943,127.128447,성남-01-139,성남시 수정구,서울국제학교,성남수정경찰서,2022-08-25
1281,37.464916,127.128305,성남-01-139,성남시 수정구,서울국제학교,성남수정경찰서,2022-08-25
1282,37.465279,127.128083,성남-01-139,성남시 수정구,서울국제학교,성남수정경찰서,2022-08-25
1283,37.46376,127.1287471,성남-01-139,성남시 수정구,서울국제학교,성남수정경찰서,2022-08-25
1284,37.390515,127.125753,성남-01-140,성남시 분당구,KDLP창의샘,분당경찰서,2022-08-11
1285,37.390106,127.125191,성남-01-140,성남시 분당구,KDLP창의샘,분당경찰서,2022-08-11
1286,37.390067,127.125143,성남-01-140,성남시 분당구,KDLP창의샘,분당경찰서,2022-08-11
1287,37.389973,127.125015,성남-01-140,성남시 분당구,KDLP창의샘,분당경찰서,2022-08-11
1288,37.389728,127.124656,성남-01-140,성남시 분당구,KDLP창의샘,분당경찰서,2022-08-11
1289,37.389309,127.124083,성남-01-140,성남시 분당구,KDLP창의샘,분당경찰서,2022-08-11
1290,37.389167,127.124224,성남-01-140,성남시 분당구,KDLP창의샘,분당경찰서,2022-08-11
1291,37.389392,127.124537,성남-01-140,성남시 분당구,KDLP창의샘,분당경찰서,2022-08-11
1292,37.390058,127.125464,성남-01-140,성남시 분당구,KDLP창의샘,분당경찰서,2022-08-11
1293,37.367481,127.070715,성남-01-141,성남시 분당구,판교반디유치원,분당경찰서,2022-08-31
1294,37.367639,127.070771,성남-01-141,성남시 분당구,판교반디유치원,분당경찰서,2022-08-31
1295,37.451126,127.152913,성남-02-001,성남시 수정구,수정노인종합복지관,성남수정경찰서,2022-08-17
1296,37.451419,127.152437,성남-02-001,성남시 수정구,수정노인종합복지관,성남수정경찰서,2022-08-17
1297,37.461679,127.130312,성남-02-002,성남시 수정구,수정중앙노인종합복지관,성남수정경찰서,2022-08-25
1298,37.461274,127.130305,성남-02-002,성남시 수정구,수정중앙노인종합복지관,성남수정경찰서,2022-08-25
1299,37.439005,127.138035,성남-02-003,성남시 수정구,인보의집,성남수정경찰서,2022-08-26
1300,37.439335,127.137653,성남-02-003,성남시 수정구,인보의집,성남수정경찰서,2022-08-26
1301,37.440004,127.137045,성남-02-003,성남시 수정구,인보의집,성남수정경찰서,2022-08-26
1302,37.440252,127.137115,성남-02-003,성남시 수정구,인보의집,성남수정경찰서,2022-08-26
1303,37.440539,127.136806,성남-02-003,성남시 수정구,인보의집,성남수정경찰서,2022-08-26
1304,37.441314,127.136457,성남-02-003,성남시 수정구,인보의집,성남수정경찰서,2022-08-26
1305,37.443723,127.142521,성남-02-004,성남시 수정구,신흥3동제2경로당,성남수정경찰서,2022-08-17
1306,37.442396,127.143372,성남-02-004,성남시 수정구,신흥3동제2경로당,성남수정경찰서,2022-08-17
1307,37.443567,127.143205,성남-02-004,성남시 수정구,신흥3동제2경로당,성남수정경찰서,2022-08-17
1308,37.442263,127.169121,성남-02-005,성남시 중원구,황송노인종합복지관,성남중원경찰서,2022-08-04
1309,37.441528,127.171168,성남-02-005,성남시 중원구,황송노인종합복지관,성남중원경찰서,2022-08-04
1310,37.443206,127.171105,성남-02-006,성남시 중원구,황송공원,성남중원경찰서,2022-08-04
1311,37.443889,127.173124,성남-02-006,성남시 중원구,황송공원,성남중원경찰서,2022-08-04
1312,37.444227,127.174961,성남-02-006,성남시 중원구,황송공원,성남중원경찰서,2022-08-04
1313,37.439772,127.159172,성남-02-007,성남시 중원구,상대원2동제2복지회관,성남중원경찰서,2022-08-17
1314,37.438234,127.158401,성남-02-007,성남시 중원구,상대원2동제2복지회관,성남중원경찰서,2022-08-17
1315,37.345573,127.124602,성남-02-009,성남시 분당구,서울시니어스타워,분당경찰서,2022-08-31
1316,37.345987,127.124528,성남-02-009,성남시 분당구,서울시니어스타워,분당경찰서,2022-08-31
1317,37.348661,127.123686,성남-02-009,성남시 분당구,서울시니어스타워,분당경찰서,2022-08-31
1318,37.348131,127.123798,성남-02-009,성남시 분당구,서울시니어스타워,분당경찰서,2022-08-31
1319,37.390705,127.109622,성남-02-010,성남시 분당구,판교노인종합복지관,분당경찰서,2022-08-11
1320,37.388552,127.108538,성남-02-010,성남시 분당구,판교노인종합복지관,분당경찰서,2022-08-11
1321,37.388505,127.108303,성남-02-010,성남시 분당구,판교노인종합복지관,분당경찰서,2022-08-11
1322,37.383461,127.150658,성남-02-011,성남시 분당구,율동경로당,분당경찰서,2022-08-31
1323,37.382369,127.151125,성남-02-011,성남시 분당구,율동경로당,분당경찰서,2022-08-31
1324,37.452231,127.168701,성남-02-012,성남시 중원구,은행1동공원경로당,성남중원경찰서,2022-09-02
1325,37.452776,127.168516,성남-02-012,성남시 중원구,은행1동공원경로당,성남중원경찰서,2022-09-02
1326,37.462033,127.171113,성남-02-013,성남시 중원구,은행2동제1복지회관,성남중원경찰서,2022-08-04
1327,37.447841,127.138731,성남-02-014,성남시 수정구,태평2동복지회관,성남수정경찰서,2022-08-11
1328,37.447792,127.138563,성남-02-014,성남시 수정구,태평2동복지회관,성남수정경찰서,2022-08-11
1329,37.447555,127.138887,성남-02-014,성남시 수정구,태평2동복지회관,성남수정경찰서,2022-08-11
1330,37.448312,127.155239,성남-02-015,성남시 수정구,대한노인회 성남시수정구지회,성남수정경찰서,2022-08-17
1331,37.448113,127.155425,성남-02-015,성남시 수정구,대한노인회 성남시수정구지회,성남수정경찰서,2022-08-17
1332,37.447953,127.155577,성남-02-015,성남시 수정구,대한노인회 성남시수정구지회,성남수정경찰서,2022-08-17
1333,37.447786,127.155738,성남-02-015,성남시 수정구,대한노인회 성남시수정구지회,성남수정경찰서,2022-08-17
1334,37.447777,127.155749,성남-02-015,성남시 수정구,대한노인회 성남시수정구지회,성남수정경찰서,2022-08-17
1335,37.447731,127.155644,성남-02-015,성남시 수정구,대한노인회 성남시수정구지회,성남수정경찰서,2022-08-17
1336,37.448173,127.156106,성남-02-015,성남시 수정구,대한노인회 성남시수정구지회,성남수정경찰서,2022-08-17
1337,37.440138,127.166315,성남-02-016,성남시 중원구,상대원3경로당,성남중원경찰서,2022-08-11
1338,37.439981,127.165976,성남-02-016,성남시 중원구,상대원3경로당,성남중원경찰서,2022-08-11
1339,37.440071,127.165928,성남-02-016,성남시 중원구,상대원3경로당,성남중원경찰서,2022-08-11
1340,37.439823,127.166075,성남-02-016,성남시 중원구,상대원3경로당,성남중원경찰서,2022-08-11
1341,37.439945,127.165626,성남-02-016,성남시 중원구,상대원3경로당,성남중원경찰서,2022-08-11
1342,37.407441,127.145016,성남-03-001,성남시 분당구,성남시한마음복지관,분당경찰서,2022-09-01
1343,37.408481,127.144786,성남-03-001,성남시 분당구,성남시한마음복지관,분당경찰서,2022-09-01
