구분,도로명,포장도_1차로,포장도_2차로,포장도_3차로,포장도_4차로,포장도_5차로,포장도_6차로,포장도_7차로,포장도_8차로,포장도_9차로,포장도_10차로,포장도_11차로,포장도_12차로,포장도_13차로,포장도_14차로,포장도_15차로,포장도_16차로,미포장도,미개통도,데이터기준일자
고속국도,제 171 호선,0,0,0,3750,0,7630,0,0,0,0,0,0,0,0,0,0,0,0,2025-06-05
고속국도,제 100 호선,0,0,0,0,0,0,0,14050,0,0,0,0,0,0,0,0,0,0,2025-06-05
고속국도,제 1 호선,0,0,0,0,0,0,0,6800,0,4280,0,0,0,0,0,0,0,0,2025-06-05
일반국도,제 3 호선,0,0,0,5200,0,4700,0,0,0,0,0,0,0,0,0,0,0,0,2025-06-05
지방도,제 338 호선,0,5744,0,1932,0,0,0,0,0,0,0,0,0,0,0,0,0,0,2025-06-05
지방도,제 342 호선,0,3490,0,0,0,2980,0,0,0,0,0,0,0,0,0,0,0,0,2025-06-05
지방도,제 57 호선,0,0,0,0,0,7612,0,4265,0,0,0,0,0,0,0,0,0,0,2025-06-05
지방도,제 334 호선,0,0,0,0,0,3900,0,0,0,0,0,0,0,0,0,0,0,0,2025-06-05
지방도,제 23 호선,0,0,0,0,0,0,0,12001,0,0,0,0,0,0,0,0,0,0,2025-06-05
시도,성남 시도2 노선,0,0,0,0,0,0,0,0,0,3480,0,0,0,0,0,0,0,0,2025-06-05
시도,성남 시도86 노선,0,0,0,0,0,3194,0,0,0,0,0,0,0,0,0,0,0,0,2025-06-05
시도,성남 시도92 노선,0,0,0,0,0,2808,0,0,0,0,0,0,0,0,0,0,0,0,2025-06-05
시도,성남 시도94 노선,0,0,0,0,0,0,0,360,0,0,0,0,0,0,0,0,0,0,2025-06-05
시도,성남 시도95 노선,0,0,0,0,0,1814,0,0,0,0,0,0,0,0,0,0,0,0,2025-06-05
시도,성남 시도96 노선,0,0,0,0,0,418,0,0,0,0,0,0,0,0,0,0,0,0,2025-06-05
시도,성남 시도140 노선,0,0,0,0,0,7940,0,0,0,0,0,0,0,0,0,0,0,0,2025-06-05
시도,성남 시도141 노선,0,0,0,0,0,680,0,0,0,0,0,0,0,0,0,0,0,0,2025-06-05
시도,성남 시도142 노선,0,0,0,0,0,5930,0,0,0,0,0,0,0,0,0,0,0,0,2025-06-05
시도,성남 시도143 노선,0,0,0,0,0,1160,0,0,0,0,0,0,0,0,0,0,0,0,2025-06-05
시도,성남 시도144 노선,0,0,0,1381,0,0,0,0,0,0,0,0,0,0,0,0,0,0,2025-06-05
시도,성남 시도145 노선,0,0,0,568,0,0,0,0,0,0,0,0,0,0,0,0,0,0,2025-06-05
시도,성남 시도146 노선,0,0,0,1305,0,0,0,0,0,0,0,0,0,0,0,0,0,0,2025-06-05
시도,성남 시도147 노선,0,0,0,0,0,739,0,0,0,0,0,0,0,0,0,0,0,0,2025-06-05
시도,성남 시도148 노선,0,0,0,1258,0,0,0,0,0,0,0,0,0,0,0,0,0,0,2025-06-05
시도,성남 시도149 노선,0,0,0,900,0,0,0,0,0,0,0,0,0,0,0,0,0,0,2025-06-05
시도,성남 시도150 노선,0,0,0,1369,0,0,0,0,0,0,0,0,0,0,0,0,0,0,2025-06-05
시도,성남 시도151 노선,0,0,0,603,0,0,0,0,0,0,0,0,0,0,0,0,0,0,2025-06-05
시도,성남 시도152 노선,0,0,0,512,0,0,0,0,0,0,0,0,0,0,0,0,0,0,2025-06-05
시도,성남 시도153 노선,0,0,0,1614,0,0,0,0,0,0,0,0,0,0,0,0,0,0,2025-06-05
시도,성남 시도154 노선,0,0,0,1631,0,0,0,0,0,0,0,0,0,0,0,0,0,0,2025-06-05
시도,성남 시도155 노선,0,0,0,0,0,301,0,0,0,0,0,0,0,0,0,0,0,0,2025-06-05
시도,성남 시도157 노선,0,0,0,2949,0,0,0,0,0,0,0,0,0,0,0,0,0,0,2025-06-05
시도,성남 시도159 노선,0,0,0,887,0,0,0,0,0,0,0,0,0,0,0,0,0,0,2025-06-05
시도,성남 시도160 노선,0,0,0,0,0,5019,0,0,0,0,0,0,0,0,0,0,0,0,2025-06-05
시도,성남 시도161 노선,0,0,0,1110,0,0,0,0,0,0,0,0,0,0,0,0,0,0,2025-06-05
시도,성남 시도162 노선,0,0,0,700,0,0,0,0,0,0,0,0,0,0,0,0,0,0,2025-06-05
시도,성남 시도158 노선,0,0,0,936,0,0,0,0,0,0,0,0,0,0,0,0,0,0,2025-06-05
시도,성남 시도1 노선,0,0,0,0,0,0,0,0,0,5775,0,0,0,0,0,0,0,0,2025-06-05
시도,성남 시도20 노선,0,0,0,0,0,0,0,3750,0,0,0,0,0,0,0,0,0,0,2025-06-05
시도,성남 시도21 노선,0,0,0,0,0,0,0,1500,0,0,0,0,0,0,0,0,0,0,2025-06-05
시도,성남 시도22 노선,0,0,0,0,0,0,0,2344,0,0,0,0,0,0,0,0,0,0,2025-06-05
시도,성남 시도23 노선,0,0,0,0,0,851,0,0,0,0,0,0,0,0,0,0,0,0,2025-06-05
시도,성남 시도25 노선,0,0,0,0,0,0,0,1992,0,0,0,0,0,0,0,0,0,0,2025-06-05
시도,성남 시도27 노선,0,0,0,0,0,1860,0,0,0,0,0,0,0,0,0,0,0,0,2025-06-05
시도,성남 시도28 노선,0,0,0,0,0,0,0,2605,0,0,0,0,0,0,0,0,0,0,2025-06-05
시도,성남 시도3 노선,0,0,0,0,0,0,0,0,0,9468,0,0,0,0,0,0,0,0,2025-06-05
시도,성남 시도26 노선,0,0,0,0,0,1850,0,0,0,0,0,0,0,0,0,0,0,0,2025-06-05
시도,성남 시도81 노선,0,0,0,0,0,2365,0,0,0,0,0,0,0,0,0,0,0,0,2025-06-05
시도,성남 시도80 노선,0,0,0,0,0,3100,0,0,0,0,0,0,0,0,0,0,0,0,2025-06-05
시도,성남 시도82 노선,0,0,0,0,0,765,0,0,0,0,0,0,0,0,0,0,0,0,2025-06-05
시도,성남 시도83 노선,0,0,0,0,0,1425,0,0,0,0,0,0,0,0,0,0,0,0,2025-06-05
시도,성남 시도84 노선,0,0,0,0,0,500,0,0,0,0,0,0,0,0,0,0,0,0,2025-06-05
시도,성남 시도88 노선,0,0,0,0,0,705,0,0,0,0,0,0,0,0,0,0,0,0,2025-06-05
시도,성남 시도85 노선,0,0,0,1450,0,0,0,0,0,0,0,0,0,0,0,0,0,0,2025-06-05
시도,성남 시도87 노선,0,0,0,0,0,1905,0,0,0,0,0,0,0,0,0,0,0,0,2025-06-05
시도,성남 시도89 노선,0,0,0,0,0,1934,0,0,0,0,0,0,0,0,0,0,0,0,2025-06-05
시도,성남 시도90 노선,0,0,0,0,0,1396,0,0,0,0,0,0,0,0,0,0,0,0,2025-06-05
시도,성남 시도91 노선,0,0,0,0,0,3862,0,0,0,0,0,0,0,0,0,0,0,0,2025-06-05
시도,성남 시도93 노선,0,0,0,0,0,1230,0,0,0,0,0,0,0,0,0,0,0,0,2025-06-05
시도,성남 시도1088 노선,250,0,0,0,0,0,0,0,0,0,0,0,0,0,0,0,0,0,2025-06-05
시도,성남 시도2001 노선,460,0,0,0,0,0,0,0,0,0,0,0,0,0,0,0,0,0,2025-06-05
시도,성남 시도2002 노선,525,0,0,0,0,0,0,0,0,0,0,0,0,0,0,0,0,0,2025-06-05
시도,성남 시도454 노선,0,170,0,0,0,0,0,0,0,0,0,0,0,0,0,0,0,0,2025-06-05
시도,성남 시도470 노선,0,415,0,0,0,0,0,0,0,0,0,0,0,0,0,0,0,0,2025-06-05
시도,성남 시도474 노선,0,267,0,0,0,0,0,0,0,0,0,0,0,0,0,0,0,0,2025-06-05
시도,성남 시도476 노선,0,143,0,0,0,0,0,0,0,0,0,0,0,0,0,0,0,0,2025-06-05
시도,성남 시도478 노선,0,353,0,0,0,0,0,0,0,0,0,0,0,0,0,0,0,0,2025-06-05
시도,성남 시도479 노선,0,172,0,0,0,0,0,0,0,0,0,0,0,0,0,0,0,0,2025-06-05
시도,성남 시도480 노선,0,573,0,0,0,0,0,0,0,0,0,0,0,0,0,0,0,0,2025-06-05
시도,성남 시도483 노선,0,526,0,0,0,0,0,0,0,0,0,0,0,0,0,0,0,0,2025-06-05
시도,성남 시도485 노선,0,295,0,0,0,0,0,0,0,0,0,0,0,0,0,0,0,0,2025-06-05
시도,성남 시도486 노선,0,268,0,0,0,0,0,0,0,0,0,0,0,0,0,0,0,0,2025-06-05
시도,성남 시도487 노선,0,460,0,0,0,0,0,0,0,0,0,0,0,0,0,0,0,0,2025-06-05
시도,성남 시도2005 노선,220,0,0,0,0,0,0,0,0,0,0,0,0,0,0,0,0,0,2025-06-05
시도,성남 시도2006 노선,230,0,0,0,0,0,0,0,0,0,0,0,0,0,0,0,0,0,2025-06-05
시도,성남 시도2008 노선,137,0,0,0,0,0,0,0,0,0,0,0,0,0,0,0,0,0,2025-06-05
시도,성남 시도2009 노선,56,0,0,0,0,0,0,0,0,0,0,0,0,0,0,0,0,0,2025-06-05
시도,성남 시도489 노선,0,79,0,0,0,0,0,0,0,0,0,0,0,0,0,0,0,0,2025-06-05
시도,성남 시도490 노선,0,661,0,0,0,0,0,0,0,0,0,0,0,0,0,0,0,0,2025-06-05
시도,성남 시도492 노선,0,150,0,0,0,0,0,0,0,0,0,0,0,0,0,0,0,0,2025-06-05
시도,성남 시도495 노선,0,422,0,0,0,0,0,0,0,0,0,0,0,0,0,0,0,0,2025-06-05
시도,성남 시도496 노선,0,200,0,0,0,0,0,0,0,0,0,0,0,0,0,0,0,0,2025-06-05
시도,성남 시도498 노선,0,346,0,0,0,0,0,0,0,0,0,0,0,0,0,0,0,0,2025-06-05
시도,성남 시도500 노선,0,318,0,0,0,0,0,0,0,0,0,0,0,0,0,0,0,0,2025-06-05
시도,성남 시도2014 노선,621,0,0,0,0,0,0,0,0,0,0,0,0,0,0,0,0,0,2025-06-05
시도,성남 시도2015 노선,458,0,0,0,0,0,0,0,0,0,0,0,0,0,0,0,0,0,2025-06-05
시도,성남 시도2016 노선,458,0,0,0,0,0,0,0,0,0,0,0,0,0,0,0,0,0,2025-06-05
시도,성남 시도2017 노선,236,0,0,0,0,0,0,0,0,0,0,0,0,0,0,0,0,0,2025-06-05
시도,성남 시도2018 노선,619,0,0,0,0,0,0,0,0,0,0,0,0,0,0,0,0,0,2025-06-05
시도,성남 시도501 노선,0,94,0,0,0,0,0,0,0,0,0,0,0,0,0,0,0,0,2025-06-05
시도,성남 시도502 노선,0,220,0,0,0,0,0,0,0,0,0,0,0,0,0,0,0,0,2025-06-05
시도,성남 시도801 노선,0,420,0,0,0,0,0,0,0,0,0,0,0,0,0,0,0,0,2025-06-05
시도,성남 시도803 노선,0,710,0,0,0,0,0,0,0,0,0,0,0,0,0,0,0,0,2025-06-05
시도,성남 시도804 노선,0,710,0,0,0,0,0,0,0,0,0,0,0,0,0,0,0,0,2025-06-05
시도,성남 시도805 노선,0,387,0,0,0,0,0,0,0,0,0,0,0,0,0,0,0,0,2025-06-05
시도,성남 시도2020 노선,213,0,0,0,0,0,0,0,0,0,0,0,0,0,0,0,0,0,2025-06-05
시도,성남 시도2021 노선,262,0,0,0,0,0,0,0,0,0,0,0,0,0,0,0,0,0,2025-06-05
시도,성남 시도2023 노선,606,0,0,0,0,0,0,0,0,0,0,0,0,0,0,0,0,0,2025-06-05
시도,성남 시도2026 노선,625,0,0,0,0,0,0,0,0,0,0,0,0,0,0,0,0,0,2025-06-05
시도,성남 시도809 노선,0,305,0,0,0,0,0,0,0,0,0,0,0,0,0,0,0,0,2025-06-05
시도,성남 시도811 노선,0,3090,0,0,0,0,0,0,0,0,0,0,0,0,0,0,0,0,2025-06-05
시도,성남 시도812 노선,0,0,0,1384,0,0,0,0,0,0,0,0,0,0,0,0,0,0,2025-06-05
시도,성남 시도1000 노선,108,0,0,0,0,0,0,0,0,0,0,0,0,0,0,0,0,0,2025-06-05
시도,성남 시도1001 노선,480,0,0,0,0,0,0,0,0,0,0,0,0,0,0,0,0,0,2025-06-05
시도,성남 시도1002 노선,246,0,0,0,0,0,0,0,0,0,0,0,0,0,0,0,0,0,2025-06-05
시도,성남 시도1003 노선,394,0,0,0,0,0,0,0,0,0,0,0,0,0,0,0,0,0,2025-06-05
시도,성남 시도1004 노선,416,0,0,0,0,0,0,0,0,0,0,0,0,0,0,0,0,0,2025-06-05
시도,성남 시도1005 노선,160,0,0,0,0,0,0,0,0,0,0,0,0,0,0,0,0,0,2025-06-05
시도,성남 시도2027 노선,314,0,0,0,0,0,0,0,0,0,0,0,0,0,0,0,0,0,2025-06-05
시도,성남 시도2028 노선,318,0,0,0,0,0,0,0,0,0,0,0,0,0,0,0,0,0,2025-06-05
시도,성남 시도2033 노선,172,0,0,0,0,0,0,0,0,0,0,0,0,0,0,0,0,0,2025-06-05
시도,성남 시도1007 노선,573,0,0,0,0,0,0,0,0,0,0,0,0,0,0,0,0,0,2025-06-05
시도,성남 시도1008 노선,198,0,0,0,0,0,0,0,0,0,0,0,0,0,0,0,0,0,2025-06-05
시도,성남 시도1009 노선,0,538,0,0,0,0,0,0,0,0,0,0,0,0,0,0,0,0,2025-06-05
시도,성남 시도1012 노선,288,0,0,0,0,0,0,0,0,0,0,0,0,0,0,0,0,0,2025-06-05
시도,성남 시도1013 노선,332,0,0,0,0,0,0,0,0,0,0,0,0,0,0,0,0,0,2025-06-05
시도,성남 시도1014 노선,345,0,0,0,0,0,0,0,0,0,0,0,0,0,0,0,0,0,2025-06-05
시도,성남 시도1015 노선,1524,0,0,0,0,0,0,0,0,0,0,0,0,0,0,0,0,0,2025-06-05
시도,성남 시도2034 노선,505,0,0,0,0,0,0,0,0,0,0,0,0,0,0,0,0,0,2025-06-05
시도,성남 시도2035 노선,144,0,0,0,0,0,0,0,0,0,0,0,0,0,0,0,0,0,2025-06-05
시도,성남 시도2036 노선,117,0,0,0,0,0,0,0,0,0,0,0,0,0,0,0,0,0,2025-06-05
시도,성남 시도2037 노선,134,0,0,0,0,0,0,0,0,0,0,0,0,0,0,0,0,0,2025-06-05
시도,성남 시도1018 노선,484,0,0,0,0,0,0,0,0,0,0,0,0,0,0,0,0,0,2025-06-05
시도,성남 시도1020 노선,0,1571,0,0,0,0,0,0,0,0,0,0,0,0,0,0,0,0,2025-06-05
시도,성남 시도1021 노선,110,0,0,0,0,0,0,0,0,0,0,0,0,0,0,0,0,0,2025-06-05
시도,성남 시도1024 노선,71,0,0,0,0,0,0,0,0,0,0,0,0,0,0,0,0,0,2025-06-05
시도,성남 시도1026 노선,106,0,0,0,0,0,0,0,0,0,0,0,0,0,0,0,0,0,2025-06-05
시도,성남 시도1028 노선,140,0,0,0,0,0,0,0,0,0,0,0,0,0,0,0,0,0,2025-06-05
시도,성남 시도1029 노선,94,0,0,0,0,0,0,0,0,0,0,0,0,0,0,0,0,0,2025-06-05
시도,성남 시도2038 노선,66,0,0,0,0,0,0,0,0,0,0,0,0,0,0,0,0,0,2025-06-05
시도,성남 시도2039 노선,260,0,0,0,0,0,0,0,0,0,0,0,0,0,0,0,0,0,2025-06-05
시도,성남 시도2040 노선,86,0,0,0,0,0,0,0,0,0,0,0,0,0,0,0,0,0,2025-06-05
시도,성남 시도2041 노선,1373,0,0,0,0,0,0,0,0,0,0,0,0,0,0,0,0,0,2025-06-05
시도,성남 시도2042 노선,389,0,0,0,0,0,0,0,0,0,0,0,0,0,0,0,0,0,2025-06-05
시도,성남 시도2043 노선,359,0,0,0,0,0,0,0,0,0,0,0,0,0,0,0,0,0,2025-06-05
시도,성남 시도212 노선,0,0,0,300,0,0,0,0,0,0,0,0,0,0,0,0,0,0,2025-06-05
시도,성남 시도218 노선,0,0,0,1232,0,0,0,0,0,0,0,0,0,0,0,0,0,0,2025-06-05
시도,성남 시도219 노선,0,0,0,435,0,0,0,0,0,0,0,0,0,0,0,0,0,0,2025-06-05
시도,성남 시도225 노선,0,0,0,298,0,0,0,0,0,0,0,0,0,0,0,0,0,0,2025-06-05
시도,성남 시도227 노선,0,0,0,295,0,0,0,0,0,0,0,0,0,0,0,0,0,0,2025-06-05
시도,성남 시도233 노선,0,0,0,50,0,0,0,0,0,0,0,0,0,0,0,0,0,0,2025-06-05
시도,성남 시도237 노선,0,0,0,208,0,0,0,0,0,0,0,0,0,0,0,0,0,0,2025-06-05
시도,성남 시도2044 노선,449,0,0,0,0,0,0,0,0,0,0,0,0,0,0,0,0,0,2025-06-05
시도,성남 시도2045 노선,592,0,0,0,0,0,0,0,0,0,0,0,0,0,0,0,0,0,2025-06-05
시도,성남 시도2046 노선,696,0,0,0,0,0,0,0,0,0,0,0,0,0,0,0,0,0,2025-06-05
시도,성남 시도2047 노선,420,0,0,0,0,0,0,0,0,0,0,0,0,0,0,0,0,0,2025-06-05
시도,성남 시도200 노선,0,3060,0,0,0,0,0,0,0,0,0,0,0,0,0,0,0,0,2025-06-05
시도,성남 시도201 노선,0,350,0,0,0,0,0,0,0,0,0,0,0,0,0,0,0,0,2025-06-05
시도,성남 시도206 노선,0,0,0,1330,0,0,0,0,0,0,0,0,0,0,0,0,0,0,2025-06-05
시도,성남 시도207 노선,0,0,0,600,0,0,0,0,0,0,0,0,0,0,0,0,0,0,2025-06-05
시도,성남 시도210 노선,0,0,0,140,0,96,0,0,0,0,0,0,0,0,0,0,0,0,2025-06-05
시도,성남 시도216 노선,0,0,0,212,0,215,0,0,0,0,0,0,0,0,0,0,0,0,2025-06-05
시도,성남 시도223 노선,0,0,0,350,0,0,0,0,0,0,0,0,0,0,0,0,0,0,2025-06-05
시도,성남 시도224 노선,0,0,0,1460,0,0,0,0,0,0,0,0,0,0,0,0,0,0,2025-06-05
시도,성남 시도229 노선,0,0,0,1458,0,0,0,0,0,0,0,0,0,0,0,0,0,0,2025-06-05
시도,성남 시도231 노선,0,0,0,1662,0,0,0,0,0,0,0,0,0,0,0,0,0,0,2025-06-05
시도,성남 시도235 노선,0,0,0,50,0,0,0,0,0,0,0,0,0,0,0,0,0,0,2025-06-05
시도,성남 시도239 노선,0,0,0,400,0,0,0,0,0,0,0,0,0,0,0,0,0,0,2025-06-05
시도,성남 시도242 노선,0,0,0,6517,0,0,0,0,0,0,0,0,0,0,0,0,0,0,2025-06-05
시도,성남 시도439 노선,0,2244,0,0,0,0,0,0,0,0,0,0,0,0,0,0,0,0,2025-06-05
시도,성남 시도240 노선,0,0,0,1655,0,0,0,0,0,0,0,0,0,0,0,0,0,0,2025-06-05
시도,성남 시도243 노선,0,0,0,740,0,0,0,0,0,0,0,0,0,0,0,0,0,0,2025-06-05
시도,성남 시도411 노선,0,680,0,0,0,0,0,0,0,0,0,0,0,0,0,0,0,0,2025-06-05
시도,성남 시도414 노선,0,142,0,0,0,0,0,0,0,0,0,0,0,0,0,0,0,0,2025-06-05
시도,성남 시도415 노선,0,40,0,0,0,0,0,0,0,0,0,0,0,0,0,0,0,0,2025-06-05
시도,성남 시도417 노선,0,486,0,0,0,0,0,0,0,0,0,0,0,0,0,0,0,0,2025-06-05
시도,성남 시도419 노선,0,0,0,716,0,0,0,0,0,0,0,0,0,0,0,0,0,0,2025-06-05
시도,성남 시도488 노선,0,574,0,0,0,0,0,0,0,0,0,0,0,0,0,0,0,0,2025-06-05
시도,성남 시도810 노선,0,245,0,0,0,0,0,0,0,0,0,0,0,0,0,0,0,0,2025-06-05
시도,성남 시도1016 노선,164,0,0,0,0,0,0,0,0,0,0,0,0,0,0,0,0,0,2025-06-05
시도,성남 시도1019 노선,1800,0,0,0,0,0,0,0,0,0,0,0,0,0,0,0,0,0,2025-06-05
시도,성남 시도1030 노선,334,0,0,0,0,0,0,0,0,0,0,0,0,0,0,0,0,0,2025-06-05
시도,성남 시도1031 노선,202,0,0,0,0,0,0,0,0,0,0,0,0,0,0,0,0,0,2025-06-05
시도,성남 시도1032 노선,125,0,0,0,0,0,0,0,0,0,0,0,0,0,0,0,0,0,2025-06-05
시도,성남 시도426 노선,0,142,0,0,0,0,0,0,0,0,0,0,0,0,0,0,0,0,2025-06-05
시도,성남 시도431 노선,0,465,0,0,0,0,0,0,0,0,0,0,0,0,0,0,0,0,2025-06-05
시도,성남 시도433 노선,0,463,0,0,0,0,0,0,0,0,0,0,0,0,0,0,0,0,2025-06-05
시도,성남 시도1033 노선,192,0,0,0,0,0,0,0,0,0,0,0,0,0,0,0,0,0,2025-06-05
시도,성남 시도1034 노선,0,289,0,0,0,0,0,0,0,0,0,0,0,0,0,0,0,0,2025-06-05
시도,성남 시도1035 노선,232,0,0,0,0,0,0,0,0,0,0,0,0,0,0,0,0,0,2025-06-05
시도,성남 시도1036 노선,381,0,0,0,0,0,0,0,0,0,0,0,0,0,0,0,0,0,2025-06-05
시도,성남 시도1037 노선,31,0,0,0,0,0,0,0,0,0,0,0,0,0,0,0,0,0,2025-06-05
시도,성남 시도1038 노선,0,568,0,0,0,0,0,0,0,0,0,0,0,0,0,0,0,0,2025-06-05
시도,성남 시도1040 노선,0,25,0,0,0,0,0,0,0,0,0,0,0,0,0,0,0,0,2025-06-05
시도,성남 시도1042 노선,0,255,0,0,0,0,0,0,0,0,0,0,0,0,0,0,0,0,2025-06-05
시도,성남 시도1043 노선,0,159,0,0,0,0,0,0,0,0,0,0,0,0,0,0,0,0,2025-06-05
시도,성남 시도1045 노선,0,475,0,0,0,0,0,0,0,0,0,0,0,0,0,0,0,0,2025-06-05
시도,성남 시도1046 노선,202,0,0,0,0,0,0,0,0,0,0,0,0,0,0,0,0,0,2025-06-05
시도,성남 시도1048 노선,0,126,0,0,0,0,0,0,0,0,0,0,0,0,0,0,0,0,2025-06-05
시도,성남 시도1050 노선,119,0,0,0,0,0,0,0,0,0,0,0,0,0,0,0,0,0,2025-06-05
시도,성남 시도1052 노선,379,0,0,0,0,0,0,0,0,0,0,0,0,0,0,0,0,0,2025-06-05
시도,성남 시도1053 노선,217,0,0,0,0,0,0,0,0,0,0,0,0,0,0,0,0,0,2025-06-05
시도,성남 시도1054 노선,190,0,0,0,0,0,0,0,0,0,0,0,0,0,0,0,0,0,2025-06-05
시도,성남 시도1055 노선,189,0,0,0,0,0,0,0,0,0,0,0,0,0,0,0,0,0,2025-06-05
시도,성남 시도1056 노선,202,0,0,0,0,0,0,0,0,0,0,0,0,0,0,0,0,0,2025-06-05
시도,성남 시도1057 노선,126,0,0,0,0,0,0,0,0,0,0,0,0,0,0,0,0,0,2025-06-05
시도,성남 시도1061 노선,120,0,0,0,0,0,0,0,0,0,0,0,0,0,0,0,0,0,2025-06-05
시도,성남 시도1063 노선,360,0,0,0,0,0,0,0,0,0,0,0,0,0,0,0,0,0,2025-06-05
시도,성남 시도1065 노선,92,0,0,0,0,0,0,0,0,0,0,0,0,0,0,0,0,0,2025-06-05
시도,성남 시도1067 노선,173,0,0,0,0,0,0,0,0,0,0,0,0,0,0,0,0,0,2025-06-05
시도,성남 시도1068 노선,143,0,0,0,0,0,0,0,0,0,0,0,0,0,0,0,0,0,2025-06-05
시도,성남 시도1070 노선,170,0,0,0,0,0,0,0,0,0,0,0,0,0,0,0,0,0,2025-06-05
시도,성남 시도1072 노선,173,0,0,0,0,0,0,0,0,0,0,0,0,0,0,0,0,0,2025-06-05
시도,성남 시도1075 노선,210,0,0,0,0,0,0,0,0,0,0,0,0,0,0,0,0,0,2025-06-05
시도,성남 시도1076 노선,323,0,0,0,0,0,0,0,0,0,0,0,0,0,0,0,0,0,2025-06-05
시도,성남 시도1078 노선,162,0,0,0,0,0,0,0,0,0,0,0,0,0,0,0,0,0,2025-06-05
시도,성남 시도1079 노선,162,0,0,0,0,0,0,0,0,0,0,0,0,0,0,0,0,0,2025-06-05
시도,성남 시도1080 노선,152,0,0,0,0,0,0,0,0,0,0,0,0,0,0,0,0,0,2025-06-05
시도,성남 시도1081 노선,152,0,0,0,0,0,0,0,0,0,0,0,0,0,0,0,0,0,2025-06-05
시도,성남 시도1082 노선,610,0,0,0,0,0,0,0,0,0,0,0,0,0,0,0,0,0,2025-06-05
시도,성남 시도1083 노선,50,0,0,0,0,0,0,0,0,0,0,0,0,0,0,0,0,0,2025-06-05
시도,성남 시도1085 노선,209,0,0,0,0,0,0,0,0,0,0,0,0,0,0,0,0,0,2025-06-05
시도,성남 시도408 노선,0,1142,0,0,0,0,0,0,0,0,0,0,0,0,0,0,0,0,2025-06-05
시도,성남 시도409 노선,0,240,0,0,0,0,0,0,0,0,0,0,0,0,0,0,0,0,2025-06-05
시도,성남 시도410 노선,0,640,0,0,0,0,0,0,0,0,0,0,0,0,0,0,0,0,2025-06-05
시도,성남 시도412 노선,0,400,0,0,0,0,0,0,0,0,0,0,0,0,0,0,0,0,2025-06-05
시도,성남 시도413 노선,0,0,0,3698,0,0,0,0,0,0,0,0,0,0,0,0,0,0,2025-06-05
시도,성남 시도416 노선,0,0,0,390,0,0,0,0,0,0,0,0,0,0,0,0,0,0,2025-06-05
시도,성남 시도418 노선,0,470,0,0,0,0,0,0,0,0,0,0,0,0,0,0,0,0,2025-06-05
시도,성남 시도440 노선,0,2194,0,0,0,0,0,0,0,0,0,0,0,0,0,0,0,0,2025-06-05
시도,성남 시도441 노선,0,77,0,0,0,0,0,0,0,0,0,0,0,0,0,0,0,0,2025-06-05
시도,성남 시도442 노선,0,77,0,0,0,0,0,0,0,0,0,0,0,0,0,0,0,0,2025-06-05
시도,성남 시도443 노선,0,77,0,0,0,0,0,0,0,0,0,0,0,0,0,0,0,0,2025-06-05
시도,성남 시도444 노선,0,77,0,0,0,0,0,0,0,0,0,0,0,0,0,0,0,0,2025-06-05
시도,성남 시도445 노선,0,77,0,0,0,0,0,0,0,0,0,0,0,0,0,0,0,0,2025-06-05
시도,성남 시도446 노선,0,77,0,0,0,0,0,0,0,0,0,0,0,0,0,0,0,0,2025-06-05
시도,성남 시도448 노선,0,104,0,0,0,0,0,0,0,0,0,0,0,0,0,0,0,0,2025-06-05
시도,성남 시도449 노선,0,169,0,0,0,0,0,0,0,0,0,0,0,0,0,0,0,0,2025-06-05
시도,성남 시도450 노선,0,253,0,0,0,0,0,0,0,0,0,0,0,0,0,0,0,0,2025-06-05
시도,성남 시도451 노선,0,335,0,0,0,0,0,0,0,0,0,0,0,0,0,0,0,0,2025-06-05
시도,성남 시도455 노선,0,1560,0,0,0,0,0,0,0,0,0,0,0,0,0,0,0,0,2025-06-05
시도,성남 시도458 노선,0,77,0,0,0,0,0,0,0,0,0,0,0,0,0,0,0,0,2025-06-05
시도,성남 시도460 노선,0,78,0,0,0,0,0,0,0,0,0,0,0,0,0,0,0,0,2025-06-05
시도,성남 시도462 노선,0,107,0,0,0,0,0,0,0,0,0,0,0,0,0,0,0,0,2025-06-05
시도,성남 시도463 노선,0,59,0,0,0,0,0,0,0,0,0,0,0,0,0,0,0,0,2025-06-05
시도,성남 시도465 노선,0,432,0,0,0,0,0,0,0,0,0,0,0,0,0,0,0,0,2025-06-05
시도,성남 시도466 노선,0,405,0,0,0,0,0,0,0,0,0,0,0,0,0,0,0,0,2025-06-05
시도,성남 시도467 노선,0,625,0,0,0,0,0,0,0,0,0,0,0,0,0,0,0,0,2025-06-05
시도,성남 시도468 노선,0,106,0,0,0,0,0,0,0,0,0,0,0,0,0,0,0,0,2025-06-05
시도,성남 시도469 노선,0,174,0,0,0,0,0,0,0,0,0,0,0,0,0,0,0,0,2025-06-05
시도,성남 시도447 노선,0,77,0,0,0,0,0,0,0,0,0,0,0,0,0,0,0,0,2025-06-05
시도,성남 시도452 노선,0,658,0,0,0,0,0,0,0,0,0,0,0,0,0,0,0,0,2025-06-05
시도,성남 시도453 노선,0,359,0,0,0,0,0,0,0,0,0,0,0,0,0,0,0,0,2025-06-05
시도,성남 시도457 노선,0,77,0,0,0,0,0,0,0,0,0,0,0,0,0,0,0,0,2025-06-05
시도,성남 시도459 노선,0,77,0,0,0,0,0,0,0,0,0,0,0,0,0,0,0,0,2025-06-05
시도,성남 시도461 노선,0,77,0,0,0,0,0,0,0,0,0,0,0,0,0,0,0,0,2025-06-05
시도,성남 시도464 노선,0,492,0,0,0,0,0,0,0,0,0,0,0,0,0,0,0,0,2025-06-05
시도,성남 시도472 노선,0,338,0,0,0,0,0,0,0,0,0,0,0,0,0,0,0,0,2025-06-05
시도,성남 시도475 노선,0,253,0,0,0,0,0,0,0,0,0,0,0,0,0,0,0,0,2025-06-05
시도,성남 시도484 노선,0,286,0,0,0,0,0,0,0,0,0,0,0,0,0,0,0,0,2025-06-05
시도,성남 시도491 노선,0,440,0,0,0,0,0,0,0,0,0,0,0,0,0,0,0,0,2025-06-05
시도,성남 시도497 노선,0,218,0,0,0,0,0,0,0,0,0,0,0,0,0,0,0,0,2025-06-05
시도,성남 시도499 노선,0,300,0,0,0,0,0,0,0,0,0,0,0,0,0,0,0,0,2025-06-05
시도,성남 시도800 노선,0,380,0,0,0,0,0,0,0,0,0,0,0,0,0,0,0,0,2025-06-05
시도,성남 시도802 노선,0,230,0,0,0,0,0,0,0,0,0,0,0,0,0,0,0,0,2025-06-05
시도,성남 시도471 노선,0,384,0,0,0,0,0,0,0,0,0,0,0,0,0,0,0,0,2025-06-05
시도,성남 시도473 노선,0,287,0,0,0,0,0,0,0,0,0,0,0,0,0,0,0,0,2025-06-05
시도,성남 시도477 노선,0,202,0,0,0,0,0,0,0,0,0,0,0,0,0,0,0,0,2025-06-05
시도,성남 시도481 노선,0,248,0,0,0,0,0,0,0,0,0,0,0,0,0,0,0,0,2025-06-05
시도,성남 시도482 노선,0,683,0,0,0,0,0,0,0,0,0,0,0,0,0,0,0,0,2025-06-05
시도,성남 시도1010 노선,474,0,0,0,0,0,0,0,0,0,0,0,0,0,0,0,0,0,2025-06-05
시도,성남 시도1011 노선,120,0,0,0,0,0,0,0,0,0,0,0,0,0,0,0,0,0,2025-06-05
시도,성남 시도1025 노선,441,0,0,0,0,0,0,0,0,0,0,0,0,0,0,0,0,0,2025-06-05
시도,성남 시도1039 노선,0,427,0,0,0,0,0,0,0,0,0,0,0,0,0,0,0,0,2025-06-05
시도,성남 시도456 노선,0,1564,0,0,0,0,0,0,0,0,0,0,0,0,0,0,0,0,2025-06-05
시도,성남 시도494 노선,0,1346,0,0,0,0,0,0,0,0,0,0,0,0,0,0,0,0,2025-06-05
시도,성남 시도806 노선,80,0,0,0,0,0,0,0,0,0,0,0,0,0,0,0,0,0,2025-06-05
시도,성남 시도807 노선,0,780,0,0,0,0,0,0,0,0,0,0,0,0,0,0,0,0,2025-06-05
시도,성남 시도808 노선,0,216,0,0,0,0,0,0,0,0,0,0,0,0,0,0,0,0,2025-06-05
시도,성남 시도1051 노선,61,0,0,0,0,0,0,0,0,0,0,0,0,0,0,0,0,0,2025-06-05
시도,성남 시도2010 노선,407,0,0,0,0,0,0,0,0,0,0,0,0,0,0,0,0,0,2025-06-05
시도,성남 시도1017 노선,95,0,0,0,0,0,0,0,0,0,0,0,0,0,0,0,0,0,2025-06-05
시도,성남 시도1022 노선,0,2810,0,0,0,0,0,0,0,0,0,0,0,0,0,0,0,0,2025-06-05
시도,성남 시도1023 노선,0,323,0,0,0,0,0,0,0,0,0,0,0,0,0,0,0,0,2025-06-05
시도,성남 시도1027 노선,0,2370,0,0,0,0,0,0,0,0,0,0,0,0,0,0,0,0,2025-06-05
시도,성남 시도1044 노선,0,145,0,0,0,0,0,0,0,0,0,0,0,0,0,0,0,0,2025-06-05
시도,성남 시도1059 노선,117,0,0,0,0,0,0,0,0,0,0,0,0,0,0,0,0,0,2025-06-05
시도,성남 시도1060 노선,121,0,0,0,0,0,0,0,0,0,0,0,0,0,0,0,0,0,2025-06-05
시도,성남 시도1006 노선,0,830,0,0,0,0,0,0,0,0,0,0,0,0,0,0,0,0,2025-06-05
시도,성남 시도1047 노선,0,172,0,0,0,0,0,0,0,0,0,0,0,0,0,0,0,0,2025-06-05
시도,성남 시도1049 노선,0,229,0,0,0,0,0,0,0,0,0,0,0,0,0,0,0,0,2025-06-05
시도,성남 시도1058 노선,120,0,0,0,0,0,0,0,0,0,0,0,0,0,0,0,0,0,2025-06-05
시도,성남 시도1086 노선,114,0,0,0,0,0,0,0,0,0,0,0,0,0,0,0,0,0,2025-06-05
시도,성남 시도2000 노선,286,0,0,0,0,0,0,0,0,0,0,0,0,0,0,0,0,0,2025-06-05
시도,성남 시도2003 노선,553,0,0,0,0,0,0,0,0,0,0,0,0,0,0,0,0,0,2025-06-05
시도,성남 시도2004 노선,220,0,0,0,0,0,0,0,0,0,0,0,0,0,0,0,0,0,2025-06-05
시도,성남 시도2011 노선,534,0,0,0,0,0,0,0,0,0,0,0,0,0,0,0,0,0,2025-06-05
시도,성남 시도2012 노선,2304,0,0,0,0,0,0,0,0,0,0,0,0,0,0,0,0,0,2025-06-05
시도,성남 시도2013 노선,114,0,0,0,0,0,0,0,0,0,0,0,0,0,0,0,0,0,2025-06-05
시도,성남 시도1062 노선,143,0,0,0,0,0,0,0,0,0,0,0,0,0,0,0,0,0,2025-06-05
시도,성남 시도1064 노선,92,0,0,0,0,0,0,0,0,0,0,0,0,0,0,0,0,0,2025-06-05
시도,성남 시도1066 노선,173,0,0,0,0,0,0,0,0,0,0,0,0,0,0,0,0,0,2025-06-05
시도,성남 시도1069 노선,235,0,0,0,0,0,0,0,0,0,0,0,0,0,0,0,0,0,2025-06-05
시도,성남 시도1071 노선,173,0,0,0,0,0,0,0,0,0,0,0,0,0,0,0,0,0,2025-06-05
시도,성남 시도1073 노선,350,0,0,0,0,0,0,0,0,0,0,0,0,0,0,0,0,0,2025-06-05
시도,성남 시도1074 노선,90,0,0,0,0,0,0,0,0,0,0,0,0,0,0,0,0,0,2025-06-05
시도,성남 시도1077 노선,263,0,0,0,0,0,0,0,0,0,0,0,0,0,0,0,0,0,2025-06-05
시도,성남 시도1084 노선,114,0,0,0,0,0,0,0,0,0,0,0,0,0,0,0,0,0,2025-06-05
시도,성남 시도1087 노선,620,0,0,0,0,0,0,0,0,0,0,0,0,0,0,0,0,0,2025-06-05
시도,성남 시도2007 노선,345,0,0,0,0,0,0,0,0,0,0,0,0,0,0,0,0,0,2025-06-05
시도,성남 시도2022 노선,235,0,0,0,0,0,0,0,0,0,0,0,0,0,0,0,0,0,2025-06-05
시도,성남 시도2025 노선,266,0,0,0,0,0,0,0,0,0,0,0,0,0,0,0,0,0,2025-06-05
시도,성남 시도2029 노선,530,0,0,0,0,0,0,0,0,0,0,0,0,0,0,0,0,0,2025-06-05
시도,성남 시도2030 노선,186,0,0,0,0,0,0,0,0,0,0,0,0,0,0,0,0,0,2025-06-05
시도,성남 시도2031 노선,217,0,0,0,0,0,0,0,0,0,0,0,0,0,0,0,0,0,2025-06-05
시도,성남 시도2032 노선,482,0,0,0,0,0,0,0,0,0,0,0,0,0,0,0,0,0,2025-06-05
시도,성남 시도2024 노선,58,0,0,0,0,0,0,0,0,0,0,0,0,0,0,0,0,0,2025-06-05
시도,성남 시도420 노선,0,676,0,0,0,0,0,0,0,0,0,0,0,0,0,0,0,0,2025-06-05
시도,성남 시도421 노선,0,69,0,0,0,0,0,0,0,0,0,0,0,0,0,0,0,0,2025-06-05
시도,성남 시도422 노선,0,650,0,0,0,0,0,0,0,0,0,0,0,0,0,0,0,0,2025-06-05
시도,성남 시도423 노선,0,0,0,912,0,0,0,0,0,0,0,0,0,0,0,0,0,0,2025-06-05
시도,성남 시도424 노선,0,460,0,0,0,0,0,0,0,0,0,0,0,0,0,0,0,0,2025-06-05
시도,성남 시도425 노선,0,142,0,0,0,0,0,0,0,0,0,0,0,0,0,0,0,0,2025-06-05
시도,성남 시도427 노선,0,463,0,0,0,0,0,0,0,0,0,0,0,0,0,0,0,0,2025-06-05
시도,성남 시도428 노선,0,45,0,0,0,0,0,0,0,0,0,0,0,0,0,0,0,0,2025-06-05
시도,성남 시도429 노선,0,45,0,0,0,0,0,0,0,0,0,0,0,0,0,0,0,0,2025-06-05
시도,성남 시도430 노선,0,420,0,0,0,0,0,0,0,0,0,0,0,0,0,0,0,0,2025-06-05
시도,성남 시도432 노선,0,434,0,0,0,0,0,0,0,0,0,0,0,0,0,0,0,0,2025-06-05
시도,성남 시도434 노선,0,642,0,0,0,0,0,0,0,0,0,0,0,0,0,0,0,0,2025-06-05
시도,성남 시도435 노선,0,498,0,0,0,0,0,0,0,0,0,0,0,0,0,0,0,0,2025-06-05
시도,성남 시도436 노선,0,293,0,0,0,0,0,0,0,0,0,0,0,0,0,0,0,0,2025-06-05
시도,성남 시도437 노선,0,120,0,0,0,0,0,0,0,0,0,0,0,0,0,0,0,0,2025-06-05
시도,성남 시도438 노선,0,225,0,0,0,0,0,0,0,0,0,0,0,0,0,0,0,0,2025-06-05
시도,성남 시도202 노선,0,2140,0,0,0,0,0,0,0,0,0,0,0,0,0,0,0,0,2025-06-05
시도,성남 시도203 노선,0,0,480,0,0,0,0,0,0,0,0,0,0,0,0,0,0,0,2025-06-05
시도,성남 시도204 노선,0,0,0,954,0,0,0,0,0,0,0,0,0,0,0,0,0,0,2025-06-05
시도,성남 시도205 노선,0,0,0,1440,0,0,0,0,0,0,0,0,0,0,0,0,0,0,2025-06-05
시도,성남 시도208 노선,0,0,0,670,0,0,0,0,0,0,0,0,0,0,0,0,0,0,2025-06-05
시도,성남 시도209 노선,0,0,0,97,0,0,0,0,0,0,0,0,0,0,0,0,0,0,2025-06-05
시도,성남 시도211 노선,0,0,0,2400,0,0,0,0,0,0,0,0,0,0,0,0,0,0,2025-06-05
시도,성남 시도213 노선,0,0,0,3956,0,0,0,0,0,0,0,0,0,0,0,0,0,0,2025-06-05
시도,성남 시도214 노선,0,0,0,2257,0,0,0,0,0,0,0,0,0,0,0,0,0,0,2025-06-05
시도,성남 시도215 노선,0,0,0,421,0,0,0,0,0,0,0,0,0,0,0,0,0,0,2025-06-05
시도,성남 시도217 노선,0,0,0,703,0,0,0,0,0,0,0,0,0,0,0,0,0,0,2025-06-05
시도,성남 시도220 노선,0,0,0,217,0,0,0,0,0,0,0,0,0,0,0,0,0,0,2025-06-05
시도,성남 시도221 노선,0,0,0,1212,0,0,0,0,0,0,0,0,0,0,0,0,0,0,2025-06-05
시도,성남 시도222 노선,0,0,0,761,0,0,0,0,0,0,0,0,0,0,0,0,0,0,2025-06-05
시도,성남 시도226 노선,0,0,0,432,0,0,0,0,0,0,0,0,0,0,0,0,0,0,2025-06-05
시도,성남 시도228 노선,0,0,0,317,0,0,0,0,0,0,0,0,0,0,0,0,0,0,2025-06-05
시도,성남 시도230 노선,0,0,0,213,0,0,0,0,0,0,0,0,0,0,0,0,0,0,2025-06-05
시도,성남 시도232 노선,0,0,0,50,0,0,0,0,0,0,0,0,0,0,0,0,0,0,2025-06-05
시도,성남 시도234 노선,0,0,0,949,0,0,0,0,0,0,0,0,0,0,0,0,0,0,2025-06-05
시도,성남 시도236 노선,0,0,0,2298,0,0,0,0,0,0,0,0,0,0,0,0,0,0,2025-06-05
시도,성남 시도238 노선,0,0,0,865,0,0,0,0,0,0,0,0,0,0,0,0,0,0,2025-06-05
시도,성남 시도241 노선,0,0,0,1287,0,0,0,0,0,0,0,0,0,0,0,0,0,0,2025-06-05
시도,성남 시도244 노선,0,0,0,365,0,0,0,0,0,0,0,0,0,0,0,0,0,0,2025-06-05
시도,성남 시도245 노선,0,0,0,260,0,0,0,0,0,0,0,0,0,0,0,0,0,0,2025-06-05
시도,성남 시도246 노선,0,0,0,362,0,0,0,0,0,0,0,0,0,0,0,0,0,0,2025-06-05
시도,성남 시도247 노선,0,0,0,5884,0,0,0,0,0,0,0,0,0,0,0,0,0,0,2025-06-05
시도,성남 시도248 노선,0,0,0,605,0,0,0,0,0,0,0,0,0,0,0,0,0,0,2025-06-05
시도,성남 시도400 노선,0,960,0,0,0,0,0,0,0,0,0,0,0,0,0,0,0,0,2025-06-05
시도,성남 시도401 노선,0,820,0,0,0,0,0,0,0,0,0,0,0,0,0,0,0,0,2025-06-05
시도,성남 시도402 노선,0,1500,0,0,0,0,0,0,0,0,0,0,0,0,0,0,0,0,2025-06-05
시도,성남 시도403 노선,0,1882,0,0,0,0,0,0,0,0,0,0,0,0,0,0,0,0,2025-06-05
시도,성남 시도404 노선,0,1100,0,0,0,0,0,0,0,0,0,0,0,0,0,0,0,0,2025-06-05
시도,성남 시도405 노선,0,0,0,2770,0,0,0,0,0,0,0,0,0,0,0,0,0,0,2025-06-05
시도,성남 시도406 노선,0,700,0,0,0,0,0,0,0,0,0,0,0,0,0,0,0,0,2025-06-05
시도,성남 시도407 노선,0,630,0,0,0,0,0,0,0,0,0,0,0,0,0,0,0,0,2025-06-05
시도,성남 시도2137 노선,82,0,0,0,0,0,0,0,0,0,0,0,0,0,0,0,0,0,2025-06-05
시도,성남 시도2139 노선,138,0,0,0,0,0,0,0,0,0,0,0,0,0,0,0,0,0,2025-06-05
시도,성남 시도2141 노선,153,0,0,0,0,0,0,0,0,0,0,0,0,0,0,0,0,0,2025-06-05
시도,성남 시도2144 노선,105,0,0,0,0,0,0,0,0,0,0,0,0,0,0,0,0,0,2025-06-05
시도,성남 시도2147 노선,134,0,0,0,0,0,0,0,0,0,0,0,0,0,0,0,0,0,2025-06-05
시도,성남 시도2148 노선,123,0,0,0,0,0,0,0,0,0,0,0,0,0,0,0,0,0,2025-06-05
시도,성남 시도2149 노선,123,0,0,0,0,0,0,0,0,0,0,0,0,0,0,0,0,0,2025-06-05
시도,성남 시도2151 노선,157,0,0,0,0,0,0,0,0,0,0,0,0,0,0,0,0,0,2025-06-05
시도,성남 시도2153 노선,104,0,0,0,0,0,0,0,0,0,0,0,0,0,0,0,0,0,2025-06-05
시도,성남 시도2156 노선,139,0,0,0,0,0,0,0,0,0,0,0,0,0,0,0,0,0,2025-06-05
시도,성남 시도2160 노선,147,0,0,0,0,0,0,0,0,0,0,0,0,0,0,0,0,0,2025-06-05
시도,성남 시도2161 노선,233,0,0,0,0,0,0,0,0,0,0,0,0,0,0,0,0,0,2025-06-05
시도,성남 시도2162 노선,285,0,0,0,0,0,0,0,0,0,0,0,0,0,0,0,0,0,2025-06-05
시도,성남 시도2163 노선,37,0,0,0,0,0,0,0,0,0,0,0,0,0,0,0,0,0,2025-06-05
시도,성남 시도2164 노선,278,0,0,0,0,0,0,0,0,0,0,0,0,0,0,0,0,0,2025-06-05
시도,성남 시도2165 노선,952,0,0,0,0,0,0,0,0,0,0,0,0,0,0,0,0,0,2025-06-05
시도,성남 시도2167 노선,98,0,0,0,0,0,0,0,0,0,0,0,0,0,0,0,0,0,2025-06-05
시도,성남 시도2169 노선,221,0,0,0,0,0,0,0,0,0,0,0,0,0,0,0,0,0,2025-06-05
시도,성남 시도2170 노선,108,0,0,0,0,0,0,0,0,0,0,0,0,0,0,0,0,0,2025-06-05
시도,성남 시도2171 노선,72,0,0,0,0,0,0,0,0,0,0,0,0,0,0,0,0,0,2025-06-05
시도,성남 시도2172 노선,124,0,0,0,0,0,0,0,0,0,0,0,0,0,0,0,0,0,2025-06-05
시도,성남 시도2173 노선,67,0,0,0,0,0,0,0,0,0,0,0,0,0,0,0,0,0,2025-06-05
시도,성남 시도2174 노선,89,0,0,0,0,0,0,0,0,0,0,0,0,0,0,0,0,0,2025-06-05
시도,성남 시도2176 노선,122,0,0,0,0,0,0,0,0,0,0,0,0,0,0,0,0,0,2025-06-05
시도,성남 시도2178 노선,117,0,0,0,0,0,0,0,0,0,0,0,0,0,0,0,0,0,2025-06-05
시도,성남 시도2179 노선,102,0,0,0,0,0,0,0,0,0,0,0,0,0,0,0,0,0,2025-06-05
시도,성남 시도2180 노선,102,0,0,0,0,0,0,0,0,0,0,0,0,0,0,0,0,0,2025-06-05
시도,성남 시도2182 노선,44,0,0,0,0,0,0,0,0,0,0,0,0,0,0,0,0,0,2025-06-05
시도,성남 시도2184 노선,294,0,0,0,0,0,0,0,0,0,0,0,0,0,0,0,0,0,2025-06-05
시도,성남 시도2186 노선,575,0,0,0,0,0,0,0,0,0,0,0,0,0,0,0,0,0,2025-06-05
시도,성남 시도2187 노선,1805,0,0,0,0,0,0,0,0,0,0,0,0,0,0,0,0,0,2025-06-05
시도,성남 시도2205 노선,924,0,0,0,0,0,0,0,0,0,0,0,0,0,0,0,0,0,2025-06-05
시도,성남 시도2217 노선,77,0,0,0,0,0,0,0,0,0,0,0,0,0,0,0,0,0,2025-06-05
시도,성남 시도2218 노선,178,0,0,0,0,0,0,0,0,0,0,0,0,0,0,0,0,0,2025-06-05
시도,성남 시도2195 노선,236,0,0,0,0,0,0,0,0,0,0,0,0,0,0,0,0,0,2025-06-05
시도,성남 시도2201 노선,251,0,0,0,0,0,0,0,0,0,0,0,0,0,0,0,0,0,2025-06-05
시도,성남 시도2202 노선,73,0,0,0,0,0,0,0,0,0,0,0,0,0,0,0,0,0,2025-06-05
시도,성남 시도2214 노선,62,0,0,0,0,0,0,0,0,0,0,0,0,0,0,0,0,0,2025-06-05
시도,성남 시도2050 노선,138,0,0,0,0,0,0,0,0,0,0,0,0,0,0,0,0,0,2025-06-05
시도,성남 시도2051 노선,470,0,0,0,0,0,0,0,0,0,0,0,0,0,0,0,0,0,2025-06-05
시도,성남 시도2053 노선,556,0,0,0,0,0,0,0,0,0,0,0,0,0,0,0,0,0,2025-06-05
시도,성남 시도2054 노선,234,0,0,0,0,0,0,0,0,0,0,0,0,0,0,0,0,0,2025-06-05
시도,성남 시도2055 노선,750,0,0,0,0,0,0,0,0,0,0,0,0,0,0,0,0,0,2025-06-05
시도,성남 시도2056 노선,405,0,0,0,0,0,0,0,0,0,0,0,0,0,0,0,0,0,2025-06-05
시도,성남 시도2057 노선,240,0,0,0,0,0,0,0,0,0,0,0,0,0,0,0,0,0,2025-06-05
시도,성남 시도2058 노선,420,0,0,0,0,0,0,0,0,0,0,0,0,0,0,0,0,0,2025-06-05
시도,성남 시도2059 노선,315,0,0,0,0,0,0,0,0,0,0,0,0,0,0,0,0,0,2025-06-05
시도,성남 시도2060 노선,158,0,0,0,0,0,0,0,0,0,0,0,0,0,0,0,0,0,2025-06-05
시도,성남 시도2062 노선,441,0,0,0,0,0,0,0,0,0,0,0,0,0,0,0,0,0,2025-06-05
시도,성남 시도2064 노선,248,0,0,0,0,0,0,0,0,0,0,0,0,0,0,0,0,0,2025-06-05
시도,성남 시도2065 노선,316,0,0,0,0,0,0,0,0,0,0,0,0,0,0,0,0,0,2025-06-05
시도,성남 시도2067 노선,202,0,0,0,0,0,0,0,0,0,0,0,0,0,0,0,0,0,2025-06-05
시도,성남 시도2071 노선,157,0,0,0,0,0,0,0,0,0,0,0,0,0,0,0,0,0,2025-06-05
시도,성남 시도2074 노선,384,0,0,0,0,0,0,0,0,0,0,0,0,0,0,0,0,0,2025-06-05
시도,성남 시도2076 노선,113,0,0,0,0,0,0,0,0,0,0,0,0,0,0,0,0,0,2025-06-05
시도,성남 시도2077 노선,152,0,0,0,0,0,0,0,0,0,0,0,0,0,0,0,0,0,2025-06-05
시도,성남 시도2078 노선,82,0,0,0,0,0,0,0,0,0,0,0,0,0,0,0,0,0,2025-06-05
시도,성남 시도2079 노선,315,0,0,0,0,0,0,0,0,0,0,0,0,0,0,0,0,0,2025-06-05
시도,성남 시도2080 노선,330,0,0,0,0,0,0,0,0,0,0,0,0,0,0,0,0,0,2025-06-05
시도,성남 시도2082 노선,142,0,0,0,0,0,0,0,0,0,0,0,0,0,0,0,0,0,2025-06-05
시도,성남 시도2083 노선,427,0,0,0,0,0,0,0,0,0,0,0,0,0,0,0,0,0,2025-06-05
시도,성남 시도2084 노선,115,0,0,0,0,0,0,0,0,0,0,0,0,0,0,0,0,0,2025-06-05
시도,성남 시도2086 노선,390,0,0,0,0,0,0,0,0,0,0,0,0,0,0,0,0,0,2025-06-05
시도,성남 시도2088 노선,155,0,0,0,0,0,0,0,0,0,0,0,0,0,0,0,0,0,2025-06-05
시도,성남 시도2090 노선,61,0,0,0,0,0,0,0,0,0,0,0,0,0,0,0,0,0,2025-06-05
시도,성남 시도2091 노선,311,0,0,0,0,0,0,0,0,0,0,0,0,0,0,0,0,0,2025-06-05
시도,성남 시도2094 노선,395,0,0,0,0,0,0,0,0,0,0,0,0,0,0,0,0,0,2025-06-05
시도,성남 시도2095 노선,731,0,0,0,0,0,0,0,0,0,0,0,0,0,0,0,0,0,2025-06-05
시도,성남 시도2096 노선,733,0,0,0,0,0,0,0,0,0,0,0,0,0,0,0,0,0,2025-06-05
시도,성남 시도2098 노선,277,0,0,0,0,0,0,0,0,0,0,0,0,0,0,0,0,0,2025-06-05
시도,성남 시도2101 노선,315,0,0,0,0,0,0,0,0,0,0,0,0,0,0,0,0,0,2025-06-05
시도,성남 시도2103 노선,56,0,0,0,0,0,0,0,0,0,0,0,0,0,0,0,0,0,2025-06-05
시도,성남 시도2106 노선,282,0,0,0,0,0,0,0,0,0,0,0,0,0,0,0,0,0,2025-06-05
시도,성남 시도2108 노선,1035,0,0,0,0,0,0,0,0,0,0,0,0,0,0,0,0,0,2025-06-05
시도,성남 시도2111 노선,190,0,0,0,0,0,0,0,0,0,0,0,0,0,0,0,0,0,2025-06-05
시도,성남 시도2112 노선,70,0,0,0,0,0,0,0,0,0,0,0,0,0,0,0,0,0,2025-06-05
시도,성남 시도2114 노선,290,0,0,0,0,0,0,0,0,0,0,0,0,0,0,0,0,0,2025-06-05
시도,성남 시도2115 노선,265,0,0,0,0,0,0,0,0,0,0,0,0,0,0,0,0,0,2025-06-05
시도,성남 시도2120 노선,98,0,0,0,0,0,0,0,0,0,0,0,0,0,0,0,0,0,2025-06-05
시도,성남 시도2126 노선,133,0,0,0,0,0,0,0,0,0,0,0,0,0,0,0,0,0,2025-06-05
시도,성남 시도2127 노선,131,0,0,0,0,0,0,0,0,0,0,0,0,0,0,0,0,0,2025-06-05
시도,성남 시도2128 노선,9,0,0,0,0,0,0,0,0,0,0,0,0,0,0,0,0,0,2025-06-05
시도,성남 시도2130 노선,458,0,0,0,0,0,0,0,0,0,0,0,0,0,0,0,0,0,2025-06-05
시도,성남 시도2131 노선,593,0,0,0,0,0,0,0,0,0,0,0,0,0,0,0,0,0,2025-06-05
시도,성남 시도2136 노선,64,0,0,0,0,0,0,0,0,0,0,0,0,0,0,0,0,0,2025-06-05
시도,성남 시도2049 노선,273,0,0,0,0,0,0,0,0,0,0,0,0,0,0,0,0,0,2025-06-05
시도,성남 시도2052 노선,222,0,0,0,0,0,0,0,0,0,0,0,0,0,0,0,0,0,2025-06-05
시도,성남 시도2072 노선,442,0,0,0,0,0,0,0,0,0,0,0,0,0,0,0,0,0,2025-06-05
시도,성남 시도2048 노선,413,0,0,0,0,0,0,0,0,0,0,0,0,0,0,0,0,0,2025-06-05
시도,성남 시도2075 노선,138,0,0,0,0,0,0,0,0,0,0,0,0,0,0,0,0,0,2025-06-05
시도,성남 시도2081 노선,142,0,0,0,0,0,0,0,0,0,0,0,0,0,0,0,0,0,2025-06-05
시도,성남 시도2085 노선,362,0,0,0,0,0,0,0,0,0,0,0,0,0,0,0,0,0,2025-06-05
시도,성남 시도2061 노선,581,0,0,0,0,0,0,0,0,0,0,0,0,0,0,0,0,0,2025-06-05
시도,성남 시도2063 노선,299,0,0,0,0,0,0,0,0,0,0,0,0,0,0,0,0,0,2025-06-05
시도,성남 시도2066 노선,250,0,0,0,0,0,0,0,0,0,0,0,0,0,0,0,0,0,2025-06-05
시도,성남 시도2068 노선,201,0,0,0,0,0,0,0,0,0,0,0,0,0,0,0,0,0,2025-06-05
시도,성남 시도2069 노선,430,0,0,0,0,0,0,0,0,0,0,0,0,0,0,0,0,0,2025-06-05
시도,성남 시도2070 노선,444,0,0,0,0,0,0,0,0,0,0,0,0,0,0,0,0,0,2025-06-05
시도,성남 시도2073 노선,222,0,0,0,0,0,0,0,0,0,0,0,0,0,0,0,0,0,2025-06-05
시도,성남 시도2089 노선,324,0,0,0,0,0,0,0,0,0,0,0,0,0,0,0,0,0,2025-06-05
시도,성남 시도2097 노선,129,0,0,0,0,0,0,0,0,0,0,0,0,0,0,0,0,0,2025-06-05
시도,성남 시도2087 노선,270,0,0,0,0,0,0,0,0,0,0,0,0,0,0,0,0,0,2025-06-05
시도,성남 시도2100 노선,358,0,0,0,0,0,0,0,0,0,0,0,0,0,0,0,0,0,2025-06-05
시도,성남 시도2105 노선,817,0,0,0,0,0,0,0,0,0,0,0,0,0,0,0,0,0,2025-06-05
시도,성남 시도2110 노선,190,0,0,0,0,0,0,0,0,0,0,0,0,0,0,0,0,0,2025-06-05
시도,성남 시도2092 노선,486,0,0,0,0,0,0,0,0,0,0,0,0,0,0,0,0,0,2025-06-05
시도,성남 시도2093 노선,59,0,0,0,0,0,0,0,0,0,0,0,0,0,0,0,0,0,2025-06-05
시도,성남 시도2113 노선,108,0,0,0,0,0,0,0,0,0,0,0,0,0,0,0,0,0,2025-06-05
시도,성남 시도2099 노선,650,0,0,0,0,0,0,0,0,0,0,0,0,0,0,0,0,0,2025-06-05
시도,성남 시도2102 노선,97,0,0,0,0,0,0,0,0,0,0,0,0,0,0,0,0,0,2025-06-05
시도,성남 시도2104 노선,46,0,0,0,0,0,0,0,0,0,0,0,0,0,0,0,0,0,2025-06-05
시도,성남 시도2107 노선,276,0,0,0,0,0,0,0,0,0,0,0,0,0,0,0,0,0,2025-06-05
시도,성남 시도2109 노선,240,0,0,0,0,0,0,0,0,0,0,0,0,0,0,0,0,0,2025-06-05
시도,성남 시도2116 노선,63,0,0,0,0,0,0,0,0,0,0,0,0,0,0,0,0,0,2025-06-05
시도,성남 시도2117 노선,551,0,0,0,0,0,0,0,0,0,0,0,0,0,0,0,0,0,2025-06-05
시도,성남 시도2119 노선,179,0,0,0,0,0,0,0,0,0,0,0,0,0,0,0,0,0,2025-06-05
시도,성남 시도2121 노선,110,0,0,0,0,0,0,0,0,0,0,0,0,0,0,0,0,0,2025-06-05
시도,성남 시도2124 노선,1474,0,0,0,0,0,0,0,0,0,0,0,0,0,0,0,0,0,2025-06-05
시도,성남 시도2125 노선,600,0,0,0,0,0,0,0,0,0,0,0,0,0,0,0,0,0,2025-06-05
시도,성남 시도2129 노선,1400,0,0,0,0,0,0,0,0,0,0,0,0,0,0,0,0,0,2025-06-05
시도,성남 시도2118 노선,278,0,0,0,0,0,0,0,0,0,0,0,0,0,0,0,0,0,2025-06-05
시도,성남 시도2133 노선,395,0,0,0,0,0,0,0,0,0,0,0,0,0,0,0,0,0,2025-06-05
시도,성남 시도2134 노선,330,0,0,0,0,0,0,0,0,0,0,0,0,0,0,0,0,0,2025-06-05
시도,성남 시도2122 노선,212,0,0,0,0,0,0,0,0,0,0,0,0,0,0,0,0,0,2025-06-05
시도,성남 시도2123 노선,633,0,0,0,0,0,0,0,0,0,0,0,0,0,0,0,0,0,2025-06-05
시도,성남 시도2132 노선,456,0,0,0,0,0,0,0,0,0,0,0,0,0,0,0,0,0,2025-06-05
시도,성남 시도2138 노선,67,0,0,0,0,0,0,0,0,0,0,0,0,0,0,0,0,0,2025-06-05
시도,성남 시도2142 노선,227,0,0,0,0,0,0,0,0,0,0,0,0,0,0,0,0,0,2025-06-05
시도,성남 시도2143 노선,37,0,0,0,0,0,0,0,0,0,0,0,0,0,0,0,0,0,2025-06-05
시도,성남 시도2145 노선,145,0,0,0,0,0,0,0,0,0,0,0,0,0,0,0,0,0,2025-06-05
시도,성남 시도2154 노선,329,0,0,0,0,0,0,0,0,0,0,0,0,0,0,0,0,0,2025-06-05
시도,성남 시도2155 노선,140,0,0,0,0,0,0,0,0,0,0,0,0,0,0,0,0,0,2025-06-05
시도,성남 시도2166 노선,118,0,0,0,0,0,0,0,0,0,0,0,0,0,0,0,0,0,2025-06-05
시도,성남 시도2140 노선,90,0,0,0,0,0,0,0,0,0,0,0,0,0,0,0,0,0,2025-06-05
시도,성남 시도2146 노선,127,0,0,0,0,0,0,0,0,0,0,0,0,0,0,0,0,0,2025-06-05
시도,성남 시도2150 노선,134,0,0,0,0,0,0,0,0,0,0,0,0,0,0,0,0,0,2025-06-05
시도,성남 시도2152 노선,84,0,0,0,0,0,0,0,0,0,0,0,0,0,0,0,0,0,2025-06-05
시도,성남 시도2188 노선,8653,0,0,0,0,0,0,0,0,0,0,0,0,0,0,0,0,0,2025-06-05
시도,성남 시도2157 노선,114,0,0,0,0,0,0,0,0,0,0,0,0,0,0,0,0,0,2025-06-05
시도,성남 시도2158 노선,114,0,0,0,0,0,0,0,0,0,0,0,0,0,0,0,0,0,2025-06-05
시도,성남 시도2159 노선,285,0,0,0,0,0,0,0,0,0,0,0,0,0,0,0,0,0,2025-06-05
시도,성남 시도2168 노선,143,0,0,0,0,0,0,0,0,0,0,0,0,0,0,0,0,0,2025-06-05
시도,성남 시도2175 노선,97,0,0,0,0,0,0,0,0,0,0,0,0,0,0,0,0,0,2025-06-05
시도,성남 시도2181 노선,80,0,0,0,0,0,0,0,0,0,0,0,0,0,0,0,0,0,2025-06-05
시도,성남 시도2185 노선,785,0,0,0,0,0,0,0,0,0,0,0,0,0,0,0,0,0,2025-06-05
시도,성남 시도2177 노선,122,0,0,0,0,0,0,0,0,0,0,0,0,0,0,0,0,0,2025-06-05
시도,성남 시도2183 노선,40,0,0,0,0,0,0,0,0,0,0,0,0,0,0,0,0,0,2025-06-05
시도,성남 시도2189 노선,21,0,0,0,0,0,0,0,0,0,0,0,0,0,0,0,0,0,2025-06-05
시도,성남 시도2190 노선,162,0,0,0,0,0,0,0,0,0,0,0,0,0,0,0,0,0,2025-06-05
시도,성남 시도2192 노선,417,0,0,0,0,0,0,0,0,0,0,0,0,0,0,0,0,0,2025-06-05
시도,성남 시도2196 노선,286,0,0,0,0,0,0,0,0,0,0,0,0,0,0,0,0,0,2025-06-05
시도,성남 시도2197 노선,124,0,0,0,0,0,0,0,0,0,0,0,0,0,0,0,0,0,2025-06-05
시도,성남 시도2193 노선,48,0,0,0,0,0,0,0,0,0,0,0,0,0,0,0,0,0,2025-06-05
시도,성남 시도2194 노선,98,0,0,0,0,0,0,0,0,0,0,0,0,0,0,0,0,0,2025-06-05
시도,성남 시도2198 노선,194,0,0,0,0,0,0,0,0,0,0,0,0,0,0,0,0,0,2025-06-05
시도,성남 시도2199 노선,255,0,0,0,0,0,0,0,0,0,0,0,0,0,0,0,0,0,2025-06-05
시도,성남 시도2200 노선,259,0,0,0,0,0,0,0,0,0,0,0,0,0,0,0,0,0,2025-06-05
시도,성남 시도2191 노선,115,0,0,0,0,0,0,0,0,0,0,0,0,0,0,0,0,0,2025-06-05
시도,성남 시도2203 노선,42,0,0,0,0,0,0,0,0,0,0,0,0,0,0,0,0,0,2025-06-05
시도,성남 시도2204 노선,500,0,0,0,0,0,0,0,0,0,0,0,0,0,0,0,0,0,2025-06-05
시도,성남 시도2206 노선,402,0,0,0,0,0,0,0,0,0,0,0,0,0,0,0,0,0,2025-06-05
시도,성남 시도2208 노선,102,0,0,0,0,0,0,0,0,0,0,0,0,0,0,0,0,0,2025-06-05
시도,성남 시도2209 노선,385,0,0,0,0,0,0,0,0,0,0,0,0,0,0,0,0,0,2025-06-05
시도,성남 시도2211 노선,78,0,0,0,0,0,0,0,0,0,0,0,0,0,0,0,0,0,2025-06-05
시도,성남 시도2213 노선,239,0,0,0,0,0,0,0,0,0,0,0,0,0,0,0,0,0,2025-06-05
시도,성남 시도2207 노선,406,0,0,0,0,0,0,0,0,0,0,0,0,0,0,0,0,0,2025-06-05
시도,성남 시도2210 노선,97,0,0,0,0,0,0,0,0,0,0,0,0,0,0,0,0,0,2025-06-05
시도,성남 시도2212 노선,327,0,0,0,0,0,0,0,0,0,0,0,0,0,0,0,0,0,2025-06-05
시도,성남 시도2215 노선,181,0,0,0,0,0,0,0,0,0,0,0,0,0,0,0,0,0,2025-06-05
시도,성남 시도2216 노선,51,0,0,0,0,0,0,0,0,0,0,0,0,0,0,0,0,0,2025-06-05
시도,성남 시도3164 노선,390,0,0,0,0,0,0,0,0,0,0,0,0,0,0,0,0,0,2025-06-05
시도,성남 시도3165 노선,175,0,0,0,0,0,0,0,0,0,0,0,0,0,0,0,0,0,2025-06-05
시도,성남 시도3166 노선,156,0,0,0,0,0,0,0,0,0,0,0,0,0,0,0,0,0,2025-06-05
시도,성남 시도3167 노선,83,0,0,0,0,0,0,0,0,0,0,0,0,0,0,0,0,0,2025-06-05
시도,성남 시도3168 노선,101,0,0,0,0,0,0,0,0,0,0,0,0,0,0,0,0,0,2025-06-05
시도,성남 시도3169 노선,77,0,0,0,0,0,0,0,0,0,0,0,0,0,0,0,0,0,2025-06-05
시도,성남 시도3170 노선,618,0,0,0,0,0,0,0,0,0,0,0,0,0,0,0,0,0,2025-06-05
시도,성남 시도3001 노선,166,0,0,0,0,0,0,0,0,0,0,0,0,0,0,0,0,0,2025-06-05
시도,성남 시도3002 노선,150,0,0,0,0,0,0,0,0,0,0,0,0,0,0,0,0,0,2025-06-05
시도,성남 시도3171 노선,591,0,0,0,0,0,0,0,0,0,0,0,0,0,0,0,0,0,2025-06-05
시도,성남 시도3172 노선,428,0,0,0,0,0,0,0,0,0,0,0,0,0,0,0,0,0,2025-06-05
시도,성남 시도3173 노선,438,0,0,0,0,0,0,0,0,0,0,0,0,0,0,0,0,0,2025-06-05
시도,성남 시도3174 노선,229,0,0,0,0,0,0,0,0,0,0,0,0,0,0,0,0,0,2025-06-05
시도,성남 시도3175 노선,335,0,0,0,0,0,0,0,0,0,0,0,0,0,0,0,0,0,2025-06-05
시도,성남 시도3176 노선,78,0,0,0,0,0,0,0,0,0,0,0,0,0,0,0,0,0,2025-06-05
시도,성남 시도3177 노선,246,0,0,0,0,0,0,0,0,0,0,0,0,0,0,0,0,0,2025-06-05
시도,성남 시도3178 노선,84,0,0,0,0,0,0,0,0,0,0,0,0,0,0,0,0,0,2025-06-05
시도,성남 시도3179 노선,498,0,0,0,0,0,0,0,0,0,0,0,0,0,0,0,0,0,2025-06-05
시도,성남 시도3180 노선,570,0,0,0,0,0,0,0,0,0,0,0,0,0,0,0,0,0,2025-06-05
시도,성남 시도3004 노선,336,0,0,0,0,0,0,0,0,0,0,0,0,0,0,0,0,0,2025-06-05
시도,성남 시도3006 노선,76,0,0,0,0,0,0,0,0,0,0,0,0,0,0,0,0,0,2025-06-05
시도,성남 시도3007 노선,103,0,0,0,0,0,0,0,0,0,0,0,0,0,0,0,0,0,2025-06-05
시도,성남 시도3009 노선,203,0,0,0,0,0,0,0,0,0,0,0,0,0,0,0,0,0,2025-06-05
시도,성남 시도3010 노선,214,0,0,0,0,0,0,0,0,0,0,0,0,0,0,0,0,0,2025-06-05
시도,성남 시도3181 노선,154,0,0,0,0,0,0,0,0,0,0,0,0,0,0,0,0,0,2025-06-05
시도,성남 시도3182 노선,151,0,0,0,0,0,0,0,0,0,0,0,0,0,0,0,0,0,2025-06-05
시도,성남 시도3183 노선,151,0,0,0,0,0,0,0,0,0,0,0,0,0,0,0,0,0,2025-06-05
시도,성남 시도3184 노선,157,0,0,0,0,0,0,0,0,0,0,0,0,0,0,0,0,0,2025-06-05
시도,성남 시도3185 노선,203,0,0,0,0,0,0,0,0,0,0,0,0,0,0,0,0,0,2025-06-05
시도,성남 시도3186 노선,201,0,0,0,0,0,0,0,0,0,0,0,0,0,0,0,0,0,2025-06-05
시도,성남 시도3187 노선,200,0,0,0,0,0,0,0,0,0,0,0,0,0,0,0,0,0,2025-06-05
시도,성남 시도3188 노선,198,0,0,0,0,0,0,0,0,0,0,0,0,0,0,0,0,0,2025-06-05
시도,성남 시도3189 노선,425,0,0,0,0,0,0,0,0,0,0,0,0,0,0,0,0,0,2025-06-05
시도,성남 시도3190 노선,398,0,0,0,0,0,0,0,0,0,0,0,0,0,0,0,0,0,2025-06-05
시도,성남 시도3011 노선,275,0,0,0,0,0,0,0,0,0,0,0,0,0,0,0,0,0,2025-06-05
시도,성남 시도3012 노선,517,0,0,0,0,0,0,0,0,0,0,0,0,0,0,0,0,0,2025-06-05
시도,성남 시도3013 노선,192,0,0,0,0,0,0,0,0,0,0,0,0,0,0,0,0,0,2025-06-05
시도,성남 시도3015 노선,133,0,0,0,0,0,0,0,0,0,0,0,0,0,0,0,0,0,2025-06-05
시도,성남 시도3017 노선,148,0,0,0,0,0,0,0,0,0,0,0,0,0,0,0,0,0,2025-06-05
시도,성남 시도3018 노선,117,0,0,0,0,0,0,0,0,0,0,0,0,0,0,0,0,0,2025-06-05
시도,성남 시도3021 노선,611,0,0,0,0,0,0,0,0,0,0,0,0,0,0,0,0,0,2025-06-05
시도,성남 시도3022 노선,146,0,0,0,0,0,0,0,0,0,0,0,0,0,0,0,0,0,2025-06-05
시도,성남 시도3191 노선,284,0,0,0,0,0,0,0,0,0,0,0,0,0,0,0,0,0,2025-06-05
시도,성남 시도3192 노선,786,0,0,0,0,0,0,0,0,0,0,0,0,0,0,0,0,0,2025-06-05
시도,성남 시도3193 노선,666,0,0,0,0,0,0,0,0,0,0,0,0,0,0,0,0,0,2025-06-05
시도,성남 시도3194 노선,142,0,0,0,0,0,0,0,0,0,0,0,0,0,0,0,0,0,2025-06-05
시도,성남 시도3195 노선,362,0,0,0,0,0,0,0,0,0,0,0,0,0,0,0,0,0,2025-06-05
시도,성남 시도3196 노선,286,0,0,0,0,0,0,0,0,0,0,0,0,0,0,0,0,0,2025-06-05
시도,성남 시도3197 노선,354,0,0,0,0,0,0,0,0,0,0,0,0,0,0,0,0,0,2025-06-05
시도,성남 시도3198 노선,281,0,0,0,0,0,0,0,0,0,0,0,0,0,0,0,0,0,2025-06-05
시도,성남 시도3023 노선,402,0,0,0,0,0,0,0,0,0,0,0,0,0,0,0,0,0,2025-06-05
시도,성남 시도3024 노선,391,0,0,0,0,0,0,0,0,0,0,0,0,0,0,0,0,0,2025-06-05
시도,성남 시도3025 노선,122,0,0,0,0,0,0,0,0,0,0,0,0,0,0,0,0,0,2025-06-05
시도,성남 시도3026 노선,71,0,0,0,0,0,0,0,0,0,0,0,0,0,0,0,0,0,2025-06-05
시도,성남 시도3027 노선,153,0,0,0,0,0,0,0,0,0,0,0,0,0,0,0,0,0,2025-06-05
시도,성남 시도3028 노선,220,0,0,0,0,0,0,0,0,0,0,0,0,0,0,0,0,0,2025-06-05
시도,성남 시도3030 노선,56,0,0,0,0,0,0,0,0,0,0,0,0,0,0,0,0,0,2025-06-05
시도,성남 시도3031 노선,524,0,0,0,0,0,0,0,0,0,0,0,0,0,0,0,0,0,2025-06-05
시도,성남 시도3033 노선,120,0,0,0,0,0,0,0,0,0,0,0,0,0,0,0,0,0,2025-06-05
시도,성남 시도3034 노선,480,0,0,0,0,0,0,0,0,0,0,0,0,0,0,0,0,0,2025-06-05
시도,성남 시도3035 노선,720,0,0,0,0,0,0,0,0,0,0,0,0,0,0,0,0,0,2025-06-05
시도,성남 시도3038 노선,131,0,0,0,0,0,0,0,0,0,0,0,0,0,0,0,0,0,2025-06-05
시도,성남 시도3040 노선,45,0,0,0,0,0,0,0,0,0,0,0,0,0,0,0,0,0,2025-06-05
시도,성남 시도3041-6 노선,212,0,0,0,0,0,0,0,0,0,0,0,0,0,0,0,0,0,2025-06-05
시도,성남 시도3199 노선,350,0,0,0,0,0,0,0,0,0,0,0,0,0,0,0,0,0,2025-06-05
시도,성남 시도3200 노선,281,0,0,0,0,0,0,0,0,0,0,0,0,0,0,0,0,0,2025-06-05
시도,성남 시도3202 노선,276,0,0,0,0,0,0,0,0,0,0,0,0,0,0,0,0,0,2025-06-05
시도,성남 시도3203 노선,391,0,0,0,0,0,0,0,0,0,0,0,0,0,0,0,0,0,2025-06-05
시도,성남 시도3204 노선,388,0,0,0,0,0,0,0,0,0,0,0,0,0,0,0,0,0,2025-06-05
시도,성남 시도3205 노선,282,0,0,0,0,0,0,0,0,0,0,0,0,0,0,0,0,0,2025-06-05
시도,성남 시도3206 노선,351,0,0,0,0,0,0,0,0,0,0,0,0,0,0,0,0,0,2025-06-05
시도,성남 시도3048 노선,38,0,0,0,0,0,0,0,0,0,0,0,0,0,0,0,0,0,2025-06-05
시도,성남 시도3060 노선,637,0,0,0,0,0,0,0,0,0,0,0,0,0,0,0,0,0,2025-06-05
시도,성남 시도3201 노선,352,0,0,0,0,0,0,0,0,0,0,0,0,0,0,0,0,0,2025-06-05
시도,성남 시도3207 노선,278,0,0,0,0,0,0,0,0,0,0,0,0,0,0,0,0,0,2025-06-05
시도,성남 시도3208 노선,348,0,0,0,0,0,0,0,0,0,0,0,0,0,0,0,0,0,2025-06-05
시도,성남 시도3209 노선,51,0,0,0,0,0,0,0,0,0,0,0,0,0,0,0,0,0,2025-06-05
시도,성남 시도2220 노선,212,0,0,0,0,0,0,0,0,0,0,0,0,0,0,0,0,0,2025-06-05
시도,성남 시도2231 노선,300,0,0,0,0,0,0,0,0,0,0,0,0,0,0,0,0,0,2025-06-05
시도,성남 시도2254 노선,32,0,0,0,0,0,0,0,0,0,0,0,0,0,0,0,0,0,2025-06-05
시도,성남 시도3064 노선,133,0,0,0,0,0,0,0,0,0,0,0,0,0,0,0,0,0,2025-06-05
시도,성남 시도3066 노선,327,0,0,0,0,0,0,0,0,0,0,0,0,0,0,0,0,0,2025-06-05
시도,성남 시도2219 노선,224,0,0,0,0,0,0,0,0,0,0,0,0,0,0,0,0,0,2025-06-05
시도,성남 시도2228 노선,375,0,0,0,0,0,0,0,0,0,0,0,0,0,0,0,0,0,2025-06-05
시도,성남 시도2229 노선,359,0,0,0,0,0,0,0,0,0,0,0,0,0,0,0,0,0,2025-06-05
시도,성남 시도2235 노선,429,0,0,0,0,0,0,0,0,0,0,0,0,0,0,0,0,0,2025-06-05
시도,성남 시도2239 노선,214,0,0,0,0,0,0,0,0,0,0,0,0,0,0,0,0,0,2025-06-05
시도,성남 시도2240 노선,218,0,0,0,0,0,0,0,0,0,0,0,0,0,0,0,0,0,2025-06-05
시도,성남 시도2247 노선,359,0,0,0,0,0,0,0,0,0,0,0,0,0,0,0,0,0,2025-06-05
시도,성남 시도2222 노선,22,0,0,0,0,0,0,0,0,0,0,0,0,0,0,0,0,0,2025-06-05
시도,성남 시도2246 노선,51,0,0,0,0,0,0,0,0,0,0,0,0,0,0,0,0,0,2025-06-05
시도,성남 시도2283 노선,120,0,0,0,0,0,0,0,0,0,0,0,0,0,0,0,0,0,2025-06-05
시도,성남 시도3070 노선,491,0,0,0,0,0,0,0,0,0,0,0,0,0,0,0,0,0,2025-06-05
시도,성남 시도3077 노선,70,0,0,0,0,0,0,0,0,0,0,0,0,0,0,0,0,0,2025-06-05
시도,성남 시도3083 노선,393,0,0,0,0,0,0,0,0,0,0,0,0,0,0,0,0,0,2025-06-05
시도,성남 시도3088 노선,169,0,0,0,0,0,0,0,0,0,0,0,0,0,0,0,0,0,2025-06-05
시도,성남 시도3092 노선,214,0,0,0,0,0,0,0,0,0,0,0,0,0,0,0,0,0,2025-06-05
시도,성남 시도3098 노선,180,0,0,0,0,0,0,0,0,0,0,0,0,0,0,0,0,0,2025-06-05
시도,성남 시도3099 노선,183,0,0,0,0,0,0,0,0,0,0,0,0,0,0,0,0,0,2025-06-05
시도,성남 시도3100 노선,177,0,0,0,0,0,0,0,0,0,0,0,0,0,0,0,0,0,2025-06-05
시도,성남 시도3104 노선,232,0,0,0,0,0,0,0,0,0,0,0,0,0,0,0,0,0,2025-06-05
시도,성남 시도2251 노선,32,0,0,0,0,0,0,0,0,0,0,0,0,0,0,0,0,0,2025-06-05
시도,성남 시도2252 노선,359,0,0,0,0,0,0,0,0,0,0,0,0,0,0,0,0,0,2025-06-05
시도,성남 시도2255 노선,71,0,0,0,0,0,0,0,0,0,0,0,0,0,0,0,0,0,2025-06-05
시도,성남 시도2256 노선,560,0,0,0,0,0,0,0,0,0,0,0,0,0,0,0,0,0,2025-06-05
시도,성남 시도2257 노선,246,0,0,0,0,0,0,0,0,0,0,0,0,0,0,0,0,0,2025-06-05
시도,성남 시도2260 노선,186,0,0,0,0,0,0,0,0,0,0,0,0,0,0,0,0,0,2025-06-05
시도,성남 시도2262 노선,252,0,0,0,0,0,0,0,0,0,0,0,0,0,0,0,0,0,2025-06-05
시도,성남 시도2266 노선,240,0,0,0,0,0,0,0,0,0,0,0,0,0,0,0,0,0,2025-06-05
시도,성남 시도2269 노선,358,0,0,0,0,0,0,0,0,0,0,0,0,0,0,0,0,0,2025-06-05
시도,성남 시도3105 노선,223,0,0,0,0,0,0,0,0,0,0,0,0,0,0,0,0,0,2025-06-05
시도,성남 시도3106 노선,151,0,0,0,0,0,0,0,0,0,0,0,0,0,0,0,0,0,2025-06-05
시도,성남 시도3107 노선,131,0,0,0,0,0,0,0,0,0,0,0,0,0,0,0,0,0,2025-06-05
시도,성남 시도3108 노선,179,0,0,0,0,0,0,0,0,0,0,0,0,0,0,0,0,0,2025-06-05
시도,성남 시도3109 노선,63,0,0,0,0,0,0,0,0,0,0,0,0,0,0,0,0,0,2025-06-05
시도,성남 시도3110 노선,706,0,0,0,0,0,0,0,0,0,0,0,0,0,0,0,0,0,2025-06-05
시도,성남 시도3111 노선,87,0,0,0,0,0,0,0,0,0,0,0,0,0,0,0,0,0,2025-06-05
시도,성남 시도3112 노선,258,0,0,0,0,0,0,0,0,0,0,0,0,0,0,0,0,0,2025-06-05
시도,성남 시도3113 노선,323,0,0,0,0,0,0,0,0,0,0,0,0,0,0,0,0,0,2025-06-05
시도,성남 시도3114 노선,320,0,0,0,0,0,0,0,0,0,0,0,0,0,0,0,0,0,2025-06-05
시도,성남 시도2272 노선,134,0,0,0,0,0,0,0,0,0,0,0,0,0,0,0,0,0,2025-06-05
시도,성남 시도2275 노선,122,0,0,0,0,0,0,0,0,0,0,0,0,0,0,0,0,0,2025-06-05
시도,성남 시도2278 노선,120,0,0,0,0,0,0,0,0,0,0,0,0,0,0,0,0,0,2025-06-05
시도,성남 시도2280 노선,87,0,0,0,0,0,0,0,0,0,0,0,0,0,0,0,0,0,2025-06-05
시도,성남 시도2289 노선,76,0,0,0,0,0,0,0,0,0,0,0,0,0,0,0,0,0,2025-06-05
시도,성남 시도2277 노선,120,0,0,0,0,0,0,0,0,0,0,0,0,0,0,0,0,0,2025-06-05
시도,성남 시도3115 노선,379,0,0,0,0,0,0,0,0,0,0,0,0,0,0,0,0,0,2025-06-05
시도,성남 시도3116 노선,471,0,0,0,0,0,0,0,0,0,0,0,0,0,0,0,0,0,2025-06-05
시도,성남 시도3117 노선,462,0,0,0,0,0,0,0,0,0,0,0,0,0,0,0,0,0,2025-06-05
시도,성남 시도3118 노선,346,0,0,0,0,0,0,0,0,0,0,0,0,0,0,0,0,0,2025-06-05
시도,성남 시도3119 노선,247,0,0,0,0,0,0,0,0,0,0,0,0,0,0,0,0,0,2025-06-05
시도,성남 시도3120 노선,61,0,0,0,0,0,0,0,0,0,0,0,0,0,0,0,0,0,2025-06-05
시도,성남 시도3121 노선,662,0,0,0,0,0,0,0,0,0,0,0,0,0,0,0,0,0,2025-06-05
시도,성남 시도2294 노선,207,0,0,0,0,0,0,0,0,0,0,0,0,0,0,0,0,0,2025-06-05
시도,성남 시도2297 노선,262,0,0,0,0,0,0,0,0,0,0,0,0,0,0,0,0,0,2025-06-05
시도,성남 시도2298 노선,191,0,0,0,0,0,0,0,0,0,0,0,0,0,0,0,0,0,2025-06-05
시도,성남 시도2299 노선,111,0,0,0,0,0,0,0,0,0,0,0,0,0,0,0,0,0,2025-06-05
시도,성남 시도2300 노선,111,0,0,0,0,0,0,0,0,0,0,0,0,0,0,0,0,0,2025-06-05
시도,성남 시도2301 노선,271,0,0,0,0,0,0,0,0,0,0,0,0,0,0,0,0,0,2025-06-05
시도,성남 시도2303 노선,176,0,0,0,0,0,0,0,0,0,0,0,0,0,0,0,0,0,2025-06-05
시도,성남 시도2304 노선,179,0,0,0,0,0,0,0,0,0,0,0,0,0,0,0,0,0,2025-06-05
시도,성남 시도2305 노선,107,0,0,0,0,0,0,0,0,0,0,0,0,0,0,0,0,0,2025-06-05
시도,성남 시도2306 노선,160,0,0,0,0,0,0,0,0,0,0,0,0,0,0,0,0,0,2025-06-05
시도,성남 시도3122 노선,127,0,0,0,0,0,0,0,0,0,0,0,0,0,0,0,0,0,2025-06-05
시도,성남 시도3123 노선,71,0,0,0,0,0,0,0,0,0,0,0,0,0,0,0,0,0,2025-06-05
시도,성남 시도3124 노선,109,0,0,0,0,0,0,0,0,0,0,0,0,0,0,0,0,0,2025-06-05
시도,성남 시도3125 노선,256,0,0,0,0,0,0,0,0,0,0,0,0,0,0,0,0,0,2025-06-05
시도,성남 시도3126 노선,192,0,0,0,0,0,0,0,0,0,0,0,0,0,0,0,0,0,2025-06-05
시도,성남 시도2311 노선,277,0,0,0,0,0,0,0,0,0,0,0,0,0,0,0,0,0,2025-06-05
시도,성남 시도2312 노선,168,0,0,0,0,0,0,0,0,0,0,0,0,0,0,0,0,0,2025-06-05
시도,성남 시도2314 노선,129,0,0,0,0,0,0,0,0,0,0,0,0,0,0,0,0,0,2025-06-05
시도,성남 시도2317 노선,267,0,0,0,0,0,0,0,0,0,0,0,0,0,0,0,0,0,2025-06-05
시도,성남 시도2318 노선,85,0,0,0,0,0,0,0,0,0,0,0,0,0,0,0,0,0,2025-06-05
시도,성남 시도2319 노선,116,0,0,0,0,0,0,0,0,0,0,0,0,0,0,0,0,0,2025-06-05
시도,성남 시도2320 노선,86,0,0,0,0,0,0,0,0,0,0,0,0,0,0,0,0,0,2025-06-05
시도,성남 시도2321 노선,155,0,0,0,0,0,0,0,0,0,0,0,0,0,0,0,0,0,2025-06-05
시도,성남 시도2322 노선,133,0,0,0,0,0,0,0,0,0,0,0,0,0,0,0,0,0,2025-06-05
시도,성남 시도2324 노선,546,0,0,0,0,0,0,0,0,0,0,0,0,0,0,0,0,0,2025-06-05
시도,성남 시도3127 노선,237,0,0,0,0,0,0,0,0,0,0,0,0,0,0,0,0,0,2025-06-05
시도,성남 시도3128 노선,104,0,0,0,0,0,0,0,0,0,0,0,0,0,0,0,0,0,2025-06-05
시도,성남 시도3129 노선,133,0,0,0,0,0,0,0,0,0,0,0,0,0,0,0,0,0,2025-06-05
시도,성남 시도3130 노선,305,0,0,0,0,0,0,0,0,0,0,0,0,0,0,0,0,0,2025-06-05
시도,성남 시도3131 노선,82,0,0,0,0,0,0,0,0,0,0,0,0,0,0,0,0,0,2025-06-05
시도,성남 시도3132 노선,78,0,0,0,0,0,0,0,0,0,0,0,0,0,0,0,0,0,2025-06-05
시도,성남 시도3133 노선,494,0,0,0,0,0,0,0,0,0,0,0,0,0,0,0,0,0,2025-06-05
시도,성남 시도3134 노선,740,0,0,0,0,0,0,0,0,0,0,0,0,0,0,0,0,0,2025-06-05
시도,성남 시도3135 노선,248,0,0,0,0,0,0,0,0,0,0,0,0,0,0,0,0,0,2025-06-05
시도,성남 시도2326 노선,180,0,0,0,0,0,0,0,0,0,0,0,0,0,0,0,0,0,2025-06-05
시도,성남 시도2327 노선,91,0,0,0,0,0,0,0,0,0,0,0,0,0,0,0,0,0,2025-06-05
시도,성남 시도3136 노선,83,0,0,0,0,0,0,0,0,0,0,0,0,0,0,0,0,0,2025-06-05
시도,성남 시도3137 노선,391,0,0,0,0,0,0,0,0,0,0,0,0,0,0,0,0,0,2025-06-05
시도,성남 시도3138 노선,185,0,0,0,0,0,0,0,0,0,0,0,0,0,0,0,0,0,2025-06-05
시도,성남 시도3139 노선,190,0,0,0,0,0,0,0,0,0,0,0,0,0,0,0,0,0,2025-06-05
시도,성남 시도3140 노선,129,0,0,0,0,0,0,0,0,0,0,0,0,0,0,0,0,0,2025-06-05
시도,성남 시도3141 노선,405,0,0,0,0,0,0,0,0,0,0,0,0,0,0,0,0,0,2025-06-05
시도,성남 시도3142 노선,368,0,0,0,0,0,0,0,0,0,0,0,0,0,0,0,0,0,2025-06-05
시도,성남 시도3143 노선,544,0,0,0,0,0,0,0,0,0,0,0,0,0,0,0,0,0,2025-06-05
시도,성남 시도3144 노선,192,0,0,0,0,0,0,0,0,0,0,0,0,0,0,0,0,0,2025-06-05
시도,성남 시도3145 노선,597,0,0,0,0,0,0,0,0,0,0,0,0,0,0,0,0,0,2025-06-05
시도,성남 시도3146 노선,495,0,0,0,0,0,0,0,0,0,0,0,0,0,0,0,0,0,2025-06-05
시도,성남 시도3147 노선,348,0,0,0,0,0,0,0,0,0,0,0,0,0,0,0,0,0,2025-06-05
시도,성남 시도3148 노선,221,0,0,0,0,0,0,0,0,0,0,0,0,0,0,0,0,0,2025-06-05
시도,성남 시도3149 노선,314,0,0,0,0,0,0,0,0,0,0,0,0,0,0,0,0,0,2025-06-05
시도,성남 시도3150 노선,186,0,0,0,0,0,0,0,0,0,0,0,0,0,0,0,0,0,2025-06-05
시도,성남 시도3151 노선,210,0,0,0,0,0,0,0,0,0,0,0,0,0,0,0,0,0,2025-06-05
시도,성남 시도3152 노선,310,0,0,0,0,0,0,0,0,0,0,0,0,0,0,0,0,0,2025-06-05
시도,성남 시도3153 노선,346,0,0,0,0,0,0,0,0,0,0,0,0,0,0,0,0,0,2025-06-05
시도,성남 시도3154 노선,232,0,0,0,0,0,0,0,0,0,0,0,0,0,0,0,0,0,2025-06-05
시도,성남 시도3155 노선,241,0,0,0,0,0,0,0,0,0,0,0,0,0,0,0,0,0,2025-06-05
시도,성남 시도3156 노선,240,0,0,0,0,0,0,0,0,0,0,0,0,0,0,0,0,0,2025-06-05
시도,성남 시도3157 노선,270,0,0,0,0,0,0,0,0,0,0,0,0,0,0,0,0,0,2025-06-05
시도,성남 시도3158 노선,97,0,0,0,0,0,0,0,0,0,0,0,0,0,0,0,0,0,2025-06-05
시도,성남 시도3159 노선,357,0,0,0,0,0,0,0,0,0,0,0,0,0,0,0,0,0,2025-06-05
시도,성남 시도3160 노선,452,0,0,0,0,0,0,0,0,0,0,0,0,0,0,0,0,0,2025-06-05
시도,성남 시도3161 노선,372,0,0,0,0,0,0,0,0,0,0,0,0,0,0,0,0,0,2025-06-05
시도,성남 시도3162 노선,300,0,0,0,0,0,0,0,0,0,0,0,0,0,0,0,0,0,2025-06-05
시도,성남 시도3163 노선,266,0,0,0,0,0,0,0,0,0,0,0,0,0,0,0,0,0,2025-06-05
시도,성남 시도3014 노선,210,0,0,0,0,0,0,0,0,0,0,0,0,0,0,0,0,0,2025-06-05
시도,성남 시도3016 노선,137,0,0,0,0,0,0,0,0,0,0,0,0,0,0,0,0,0,2025-06-05
시도,성남 시도3019 노선,126,0,0,0,0,0,0,0,0,0,0,0,0,0,0,0,0,0,2025-06-05
시도,성남 시도3020 노선,108,0,0,0,0,0,0,0,0,0,0,0,0,0,0,0,0,0,2025-06-05
시도,성남 시도3036 노선,303,0,0,0,0,0,0,0,0,0,0,0,0,0,0,0,0,0,2025-06-05
시도,성남 시도3043 노선,346,0,0,0,0,0,0,0,0,0,0,0,0,0,0,0,0,0,2025-06-05
시도,성남 시도3058 노선,122,0,0,0,0,0,0,0,0,0,0,0,0,0,0,0,0,0,2025-06-05
시도,성남 시도3061 노선,97,0,0,0,0,0,0,0,0,0,0,0,0,0,0,0,0,0,2025-06-05
시도,성남 시도3063 노선,887,0,0,0,0,0,0,0,0,0,0,0,0,0,0,0,0,0,2025-06-05
시도,성남 시도3065 노선,486,0,0,0,0,0,0,0,0,0,0,0,0,0,0,0,0,0,2025-06-05
시도,성남 시도3068 노선,115,0,0,0,0,0,0,0,0,0,0,0,0,0,0,0,0,0,2025-06-05
시도,성남 시도3069 노선,457,0,0,0,0,0,0,0,0,0,0,0,0,0,0,0,0,0,2025-06-05
시도,성남 시도3071 노선,130,0,0,0,0,0,0,0,0,0,0,0,0,0,0,0,0,0,2025-06-05
시도,성남 시도3073 노선,467,0,0,0,0,0,0,0,0,0,0,0,0,0,0,0,0,0,2025-06-05
시도,성남 시도3074 노선,122,0,0,0,0,0,0,0,0,0,0,0,0,0,0,0,0,0,2025-06-05
시도,성남 시도3076 노선,104,0,0,0,0,0,0,0,0,0,0,0,0,0,0,0,0,0,2025-06-05
시도,성남 시도3078 노선,311,0,0,0,0,0,0,0,0,0,0,0,0,0,0,0,0,0,2025-06-05
시도,성남 시도3067 노선,119,0,0,0,0,0,0,0,0,0,0,0,0,0,0,0,0,0,2025-06-05
시도,성남 시도3072 노선,294,0,0,0,0,0,0,0,0,0,0,0,0,0,0,0,0,0,2025-06-05
시도,성남 시도3075 노선,209,0,0,0,0,0,0,0,0,0,0,0,0,0,0,0,0,0,2025-06-05
시도,성남 시도3080 노선,102,0,0,0,0,0,0,0,0,0,0,0,0,0,0,0,0,0,2025-06-05
시도,성남 시도3081 노선,653,0,0,0,0,0,0,0,0,0,0,0,0,0,0,0,0,0,2025-06-05
시도,성남 시도3082 노선,607,0,0,0,0,0,0,0,0,0,0,0,0,0,0,0,0,0,2025-06-05
시도,성남 시도3084 노선,265,0,0,0,0,0,0,0,0,0,0,0,0,0,0,0,0,0,2025-06-05
시도,성남 시도3085 노선,241,0,0,0,0,0,0,0,0,0,0,0,0,0,0,0,0,0,2025-06-05
시도,성남 시도3086 노선,125,0,0,0,0,0,0,0,0,0,0,0,0,0,0,0,0,0,2025-06-05
시도,성남 시도3087 노선,133,0,0,0,0,0,0,0,0,0,0,0,0,0,0,0,0,0,2025-06-05
시도,성남 시도3079 노선,277,0,0,0,0,0,0,0,0,0,0,0,0,0,0,0,0,0,2025-06-05
시도,성남 시도3089 노선,290,0,0,0,0,0,0,0,0,0,0,0,0,0,0,0,0,0,2025-06-05
시도,성남 시도3090 노선,496,0,0,0,0,0,0,0,0,0,0,0,0,0,0,0,0,0,2025-06-05
시도,성남 시도3091 노선,110,0,0,0,0,0,0,0,0,0,0,0,0,0,0,0,0,0,2025-06-05
시도,성남 시도3093 노선,198,0,0,0,0,0,0,0,0,0,0,0,0,0,0,0,0,0,2025-06-05
시도,성남 시도3094 노선,408,0,0,0,0,0,0,0,0,0,0,0,0,0,0,0,0,0,2025-06-05
시도,성남 시도3095 노선,351,0,0,0,0,0,0,0,0,0,0,0,0,0,0,0,0,0,2025-06-05
시도,성남 시도3096 노선,334,0,0,0,0,0,0,0,0,0,0,0,0,0,0,0,0,0,2025-06-05
시도,성남 시도3097 노선,180,0,0,0,0,0,0,0,0,0,0,0,0,0,0,0,0,0,2025-06-05
시도,성남 시도3101 노선,122,0,0,0,0,0,0,0,0,0,0,0,0,0,0,0,0,0,2025-06-05
시도,성남 시도3102 노선,1270,0,0,0,0,0,0,0,0,0,0,0,0,0,0,0,0,0,2025-06-05
시도,성남 시도3103 노선,243,0,0,0,0,0,0,0,0,0,0,0,0,0,0,0,0,0,2025-06-05
시도,성남 시도2221 노선,173,0,0,0,0,0,0,0,0,0,0,0,0,0,0,0,0,0,2025-06-05
시도,수원시도2233 노선,131,0,0,0,0,0,0,0,0,0,0,0,0,0,0,0,0,0,2025-06-05
시도,성남 시도2234 노선,127,0,0,0,0,0,0,0,0,0,0,0,0,0,0,0,0,0,2025-06-05
시도,성남 시도2236 노선,179,0,0,0,0,0,0,0,0,0,0,0,0,0,0,0,0,0,2025-06-05
시도,성남 시도2238 노선,214,0,0,0,0,0,0,0,0,0,0,0,0,0,0,0,0,0,2025-06-05
시도,성남 시도2241 노선,218,0,0,0,0,0,0,0,0,0,0,0,0,0,0,0,0,0,2025-06-05
시도,성남 시도2249 노선,124,0,0,0,0,0,0,0,0,0,0,0,0,0,0,0,0,0,2025-06-05
시도,성남 시도2253 노선,373,0,0,0,0,0,0,0,0,0,0,0,0,0,0,0,0,0,2025-06-05
시도,성남 시도2259 노선,80,0,0,0,0,0,0,0,0,0,0,0,0,0,0,0,0,0,2025-06-05
시도,성남 시도3042 노선,103,0,0,0,0,0,0,0,0,0,0,0,0,0,0,0,0,0,2025-06-05
시도,성남 시도3044 노선,138,0,0,0,0,0,0,0,0,0,0,0,0,0,0,0,0,0,2025-06-05
시도,성남 시도3045 노선,372,0,0,0,0,0,0,0,0,0,0,0,0,0,0,0,0,0,2025-06-05
시도,성남 시도3046 노선,71,0,0,0,0,0,0,0,0,0,0,0,0,0,0,0,0,0,2025-06-05
시도,성남 시도3049 노선,156,0,0,0,0,0,0,0,0,0,0,0,0,0,0,0,0,0,2025-06-05
시도,성남 시도3050 노선,252,0,0,0,0,0,0,0,0,0,0,0,0,0,0,0,0,0,2025-06-05
시도,성남 시도3051 노선,329,0,0,0,0,0,0,0,0,0,0,0,0,0,0,0,0,0,2025-06-05
시도,성남 시도3052 노선,281,0,0,0,0,0,0,0,0,0,0,0,0,0,0,0,0,0,2025-06-05
시도,성남 시도3054 노선,47,0,0,0,0,0,0,0,0,0,0,0,0,0,0,0,0,0,2025-06-05
시도,성남 시도3055 노선,138,0,0,0,0,0,0,0,0,0,0,0,0,0,0,0,0,0,2025-06-05
시도,성남 시도2224 노선,315,0,0,0,0,0,0,0,0,0,0,0,0,0,0,0,0,0,2025-06-05
시도,성남 시도2225 노선,76,0,0,0,0,0,0,0,0,0,0,0,0,0,0,0,0,0,2025-06-05
시도,성남 시도2226 노선,388,0,0,0,0,0,0,0,0,0,0,0,0,0,0,0,0,0,2025-06-05
시도,성남 시도2227 노선,355,0,0,0,0,0,0,0,0,0,0,0,0,0,0,0,0,0,2025-06-05
시도,성남 시도2242 노선,213,0,0,0,0,0,0,0,0,0,0,0,0,0,0,0,0,0,2025-06-05
시도,성남 시도2244 노선,192,0,0,0,0,0,0,0,0,0,0,0,0,0,0,0,0,0,2025-06-05
시도,성남 시도2245 노선,223,0,0,0,0,0,0,0,0,0,0,0,0,0,0,0,0,0,2025-06-05
시도,성남 시도2223 노선,208,0,0,0,0,0,0,0,0,0,0,0,0,0,0,0,0,0,2025-06-05
시도,성남 시도2232 노선,105,0,0,0,0,0,0,0,0,0,0,0,0,0,0,0,0,0,2025-06-05
시도,성남 시도2248 노선,218,0,0,0,0,0,0,0,0,0,0,0,0,0,0,0,0,0,2025-06-05
시도,성남 시도2250 노선,244,0,0,0,0,0,0,0,0,0,0,0,0,0,0,0,0,0,2025-06-05
시도,성남 시도2271 노선,86,0,0,0,0,0,0,0,0,0,0,0,0,0,0,0,0,0,2025-06-05
시도,성남 시도2273 노선,133,0,0,0,0,0,0,0,0,0,0,0,0,0,0,0,0,0,2025-06-05
시도,성남 시도2274 노선,120,0,0,0,0,0,0,0,0,0,0,0,0,0,0,0,0,0,2025-06-05
시도,성남 시도2230 노선,178,0,0,0,0,0,0,0,0,0,0,0,0,0,0,0,0,0,2025-06-05
시도,성남 시도2237 노선,179,0,0,0,0,0,0,0,0,0,0,0,0,0,0,0,0,0,2025-06-05
시도,성남 시도2243 노선,158,0,0,0,0,0,0,0,0,0,0,0,0,0,0,0,0,0,2025-06-05
시도,성남 시도2258 노선,33,0,0,0,0,0,0,0,0,0,0,0,0,0,0,0,0,0,2025-06-05
시도,성남 시도2263 노선,80,0,0,0,0,0,0,0,0,0,0,0,0,0,0,0,0,0,2025-06-05
시도,성남 시도2264 노선,160,0,0,0,0,0,0,0,0,0,0,0,0,0,0,0,0,0,2025-06-05
시도,성남 시도2265 노선,141,0,0,0,0,0,0,0,0,0,0,0,0,0,0,0,0,0,2025-06-05
시도,성남 시도2267 노선,152,0,0,0,0,0,0,0,0,0,0,0,0,0,0,0,0,0,2025-06-05
시도,성남 시도2268 노선,142,0,0,0,0,0,0,0,0,0,0,0,0,0,0,0,0,0,2025-06-05
시도,성남 시도2270 노선,129,0,0,0,0,0,0,0,0,0,0,0,0,0,0,0,0,0,2025-06-05
시도,성남 시도2279 노선,143,0,0,0,0,0,0,0,0,0,0,0,0,0,0,0,0,0,2025-06-05
시도,성남 시도2282 노선,120,0,0,0,0,0,0,0,0,0,0,0,0,0,0,0,0,0,2025-06-05
시도,성남 시도2286 노선,138,0,0,0,0,0,0,0,0,0,0,0,0,0,0,0,0,0,2025-06-05
시도,성남 시도2287 노선,244,0,0,0,0,0,0,0,0,0,0,0,0,0,0,0,0,0,2025-06-05
시도,성남 시도2291 노선,120,0,0,0,0,0,0,0,0,0,0,0,0,0,0,0,0,0,2025-06-05
시도,성남 시도2292 노선,64,0,0,0,0,0,0,0,0,0,0,0,0,0,0,0,0,0,2025-06-05
시도,성남 시도2302 노선,173,0,0,0,0,0,0,0,0,0,0,0,0,0,0,0,0,0,2025-06-05
시도,성남 시도2315 노선,268,0,0,0,0,0,0,0,0,0,0,0,0,0,0,0,0,0,2025-06-05
시도,성남 시도2276 노선,87,0,0,0,0,0,0,0,0,0,0,0,0,0,0,0,0,0,2025-06-05
시도,성남 시도2281 노선,248,0,0,0,0,0,0,0,0,0,0,0,0,0,0,0,0,0,2025-06-05
시도,성남 시도2284 노선,150,0,0,0,0,0,0,0,0,0,0,0,0,0,0,0,0,0,2025-06-05
시도,성남 시도2285 노선,150,0,0,0,0,0,0,0,0,0,0,0,0,0,0,0,0,0,2025-06-05
시도,성남 시도2288 노선,76,0,0,0,0,0,0,0,0,0,0,0,0,0,0,0,0,0,2025-06-05
시도,성남 시도2316 노선,119,0,0,0,0,0,0,0,0,0,0,0,0,0,0,0,0,0,2025-06-05
시도,성남 시도2290 노선,76,0,0,0,0,0,0,0,0,0,0,0,0,0,0,0,0,0,2025-06-05
시도,성남 시도2293 노선,64,0,0,0,0,0,0,0,0,0,0,0,0,0,0,0,0,0,2025-06-05
시도,성남 시도2295 노선,260,0,0,0,0,0,0,0,0,0,0,0,0,0,0,0,0,0,2025-06-05
시도,성남 시도2296 노선,218,0,0,0,0,0,0,0,0,0,0,0,0,0,0,0,0,0,2025-06-05
시도,성남 시도2307 노선,107,0,0,0,0,0,0,0,0,0,0,0,0,0,0,0,0,0,2025-06-05
시도,성남 시도2308 노선,189,0,0,0,0,0,0,0,0,0,0,0,0,0,0,0,0,0,2025-06-05
시도,성남 시도2309 노선,182,0,0,0,0,0,0,0,0,0,0,0,0,0,0,0,0,0,2025-06-05
시도,성남 시도2310 노선,172,0,0,0,0,0,0,0,0,0,0,0,0,0,0,0,0,0,2025-06-05
시도,성남 시도2313 노선,136,0,0,0,0,0,0,0,0,0,0,0,0,0,0,0,0,0,2025-06-05
시도,성남 시도2323 노선,286,0,0,0,0,0,0,0,0,0,0,0,0,0,0,0,0,0,2025-06-05
시도,성남 시도2325 노선,350,0,0,0,0,0,0,0,0,0,0,0,0,0,0,0,0,0,2025-06-05
시도,성남 시도3000 노선,100,0,0,0,0,0,0,0,0,0,0,0,0,0,0,0,0,0,2025-06-05
시도,성남 시도3003 노선,125,0,0,0,0,0,0,0,0,0,0,0,0,0,0,0,0,0,2025-06-05
시도,성남 시도3005 노선,33,0,0,0,0,0,0,0,0,0,0,0,0,0,0,0,0,0,2025-06-05
시도,성남 시도3008 노선,70,0,0,0,0,0,0,0,0,0,0,0,0,0,0,0,0,0,2025-06-05
시도,성남 시도3029 노선,213,0,0,0,0,0,0,0,0,0,0,0,0,0,0,0,0,0,2025-06-05
시도,성남 시도3032 노선,248,0,0,0,0,0,0,0,0,0,0,0,0,0,0,0,0,0,2025-06-05
시도,성남 시도3037 노선,34,0,0,0,0,0,0,0,0,0,0,0,0,0,0,0,0,0,2025-06-05
시도,성남 시도3039 노선,277,0,0,0,0,0,0,0,0,0,0,0,0,0,0,0,0,0,2025-06-05
시도,성남 시도3047 노선,123,0,0,0,0,0,0,0,0,0,0,0,0,0,0,0,0,0,2025-06-05
시도,성남 시도3053 노선,214,0,0,0,0,0,0,0,0,0,0,0,0,0,0,0,0,0,2025-06-05
시도,성남 시도3056 노선,96,0,0,0,0,0,0,0,0,0,0,0,0,0,0,0,0,0,2025-06-05
시도,성남 시도3057 노선,120,0,0,0,0,0,0,0,0,0,0,0,0,0,0,0,0,0,2025-06-05
시도,성남 시도3059 노선,122,0,0,0,0,0,0,0,0,0,0,0,0,0,0,0,0,0,2025-06-05
시도,성남 시도3062 노선,353,0,0,0,0,0,0,0,0,0,0,0,0,0,0,0,0,0,2025-06-05
시도,성남 시도3213 노선,62,0,0,0,0,0,0,0,0,0,0,0,0,0,0,0,0,0,2025-06-05
시도,성남 시도3215 노선,201,0,0,0,0,0,0,0,0,0,0,0,0,0,0,0,0,0,2025-06-05
시도,성남 시도3216 노선,151,0,0,0,0,0,0,0,0,0,0,0,0,0,0,0,0,0,2025-06-05
시도,성남 시도3217 노선,47,0,0,0,0,0,0,0,0,0,0,0,0,0,0,0,0,0,2025-06-05
시도,성남 시도3229 노선,152,0,0,0,0,0,0,0,0,0,0,0,0,0,0,0,0,0,2025-06-05
시도,성남 시도3230 노선,121,0,0,0,0,0,0,0,0,0,0,0,0,0,0,0,0,0,2025-06-05
시도,성남 시도3232 노선,72,0,0,0,0,0,0,0,0,0,0,0,0,0,0,0,0,0,2025-06-05
시도,성남 시도3233 노선,148,0,0,0,0,0,0,0,0,0,0,0,0,0,0,0,0,0,2025-06-05
시도,성남 시도3238 노선,260,0,0,0,0,0,0,0,0,0,0,0,0,0,0,0,0,0,2025-06-05
시도,성남 시도3239 노선,180,0,0,0,0,0,0,0,0,0,0,0,0,0,0,0,0,0,2025-06-05
시도,성남 시도3250 노선,425,0,0,0,0,0,0,0,0,0,0,0,0,0,0,0,0,0,2025-06-05
시도,성남 시도3280 노선,161,0,0,0,0,0,0,0,0,0,0,0,0,0,0,0,0,0,2025-06-05
시도,성남 시도3283 노선,100,0,0,0,0,0,0,0,0,0,0,0,0,0,0,0,0,0,2025-06-05
시도,성남 시도3289 노선,115,0,0,0,0,0,0,0,0,0,0,0,0,0,0,0,0,0,2025-06-05
시도,성남 시도3296 노선,884,0,0,0,0,0,0,0,0,0,0,0,0,0,0,0,0,0,2025-06-05
시도,성남 시도3241 노선,340,0,0,0,0,0,0,0,0,0,0,0,0,0,0,0,0,0,2025-06-05
시도,성남 시도3243 노선,73,0,0,0,0,0,0,0,0,0,0,0,0,0,0,0,0,0,2025-06-05
시도,성남 시도3244 노선,54,0,0,0,0,0,0,0,0,0,0,0,0,0,0,0,0,0,2025-06-05
시도,성남 시도3245 노선,94,0,0,0,0,0,0,0,0,0,0,0,0,0,0,0,0,0,2025-06-05
시도,성남 시도3247 노선,422,0,0,0,0,0,0,0,0,0,0,0,0,0,0,0,0,0,2025-06-05
시도,성남 시도3248 노선,390,0,0,0,0,0,0,0,0,0,0,0,0,0,0,0,0,0,2025-06-05
시도,성남 시도3249 노선,391,0,0,0,0,0,0,0,0,0,0,0,0,0,0,0,0,0,2025-06-05
시도,성남 시도3252 노선,585,0,0,0,0,0,0,0,0,0,0,0,0,0,0,0,0,0,2025-06-05
시도,성남 시도3254 노선,630,0,0,0,0,0,0,0,0,0,0,0,0,0,0,0,0,0,2025-06-05
시도,성남 시도3256 노선,650,0,0,0,0,0,0,0,0,0,0,0,0,0,0,0,0,0,2025-06-05
시도,성남 시도3257 노선,424,0,0,0,0,0,0,0,0,0,0,0,0,0,0,0,0,0,2025-06-05
시도,성남 시도3260 노선,421,0,0,0,0,0,0,0,0,0,0,0,0,0,0,0,0,0,2025-06-05
시도,성남 시도3262 노선,617,0,0,0,0,0,0,0,0,0,0,0,0,0,0,0,0,0,2025-06-05
시도,성남 시도3263 노선,187,0,0,0,0,0,0,0,0,0,0,0,0,0,0,0,0,0,2025-06-05
시도,성남 시도3264 노선,246,0,0,0,0,0,0,0,0,0,0,0,0,0,0,0,0,0,2025-06-05
시도,성남 시도3265 노선,976,0,0,0,0,0,0,0,0,0,0,0,0,0,0,0,0,0,2025-06-05
시도,성남 시도3267 노선,299,0,0,0,0,0,0,0,0,0,0,0,0,0,0,0,0,0,2025-06-05
시도,성남 시도3269 노선,44,0,0,0,0,0,0,0,0,0,0,0,0,0,0,0,0,0,2025-06-05
시도,성남 시도3270 노선,99,0,0,0,0,0,0,0,0,0,0,0,0,0,0,0,0,0,2025-06-05
시도,성남 시도3272 노선,218,0,0,0,0,0,0,0,0,0,0,0,0,0,0,0,0,0,2025-06-05
시도,성남 시도3275 노선,679,0,0,0,0,0,0,0,0,0,0,0,0,0,0,0,0,0,2025-06-05
시도,성남 시도3276 노선,335,0,0,0,0,0,0,0,0,0,0,0,0,0,0,0,0,0,2025-06-05
시도,성남 시도3278 노선,143,0,0,0,0,0,0,0,0,0,0,0,0,0,0,0,0,0,2025-06-05
시도,성남 시도3279 노선,104,0,0,0,0,0,0,0,0,0,0,0,0,0,0,0,0,0,2025-06-05
시도,성남 시도3284 노선,88,0,0,0,0,0,0,0,0,0,0,0,0,0,0,0,0,0,2025-06-05
시도,성남 시도3295 노선,126,0,0,0,0,0,0,0,0,0,0,0,0,0,0,0,0,0,2025-06-05
시도,성남 시도3297 노선,69,0,0,0,0,0,0,0,0,0,0,0,0,0,0,0,0,0,2025-06-05
시도,성남 시도3210 노선,153,0,0,0,0,0,0,0,0,0,0,0,0,0,0,0,0,0,2025-06-05
시도,성남 시도3211 노선,76,0,0,0,0,0,0,0,0,0,0,0,0,0,0,0,0,0,2025-06-05
시도,성남 시도3219 노선,172,0,0,0,0,0,0,0,0,0,0,0,0,0,0,0,0,0,2025-06-05
시도,성남 시도3221 노선,129,0,0,0,0,0,0,0,0,0,0,0,0,0,0,0,0,0,2025-06-05
시도,성남 시도3223 노선,438,0,0,0,0,0,0,0,0,0,0,0,0,0,0,0,0,0,2025-06-05
시도,성남 시도3225 노선,194,0,0,0,0,0,0,0,0,0,0,0,0,0,0,0,0,0,2025-06-05
시도,성남 시도3227 노선,141,0,0,0,0,0,0,0,0,0,0,0,0,0,0,0,0,0,2025-06-05
시도,성남 시도3212 노선,157,0,0,0,0,0,0,0,0,0,0,0,0,0,0,0,0,0,2025-06-05
시도,성남 시도3220 노선,291,0,0,0,0,0,0,0,0,0,0,0,0,0,0,0,0,0,2025-06-05
시도,성남 시도3224 노선,358,0,0,0,0,0,0,0,0,0,0,0,0,0,0,0,0,0,2025-06-05
시도,성남 시도3234 노선,164,0,0,0,0,0,0,0,0,0,0,0,0,0,0,0,0,0,2025-06-05
시도,성남 시도3235 노선,225,0,0,0,0,0,0,0,0,0,0,0,0,0,0,0,0,0,2025-06-05
시도,성남 시도3237 노선,132,0,0,0,0,0,0,0,0,0,0,0,0,0,0,0,0,0,2025-06-05
시도,성남 시도3240 노선,136,0,0,0,0,0,0,0,0,0,0,0,0,0,0,0,0,0,2025-06-05
시도,성남 시도3242 노선,62,0,0,0,0,0,0,0,0,0,0,0,0,0,0,0,0,0,2025-06-05
시도,성남 시도3258 노선,420,0,0,0,0,0,0,0,0,0,0,0,0,0,0,0,0,0,2025-06-05
시도,성남 시도3259 노선,352,0,0,0,0,0,0,0,0,0,0,0,0,0,0,0,0,0,2025-06-05
시도,성남 시도3261 노선,282,0,0,0,0,0,0,0,0,0,0,0,0,0,0,0,0,0,2025-06-05
시도,성남 시도3214 노선,243,0,0,0,0,0,0,0,0,0,0,0,0,0,0,0,0,0,2025-06-05
시도,성남 시도3218 노선,66,0,0,0,0,0,0,0,0,0,0,0,0,0,0,0,0,0,2025-06-05
시도,성남 시도3222 노선,201,0,0,0,0,0,0,0,0,0,0,0,0,0,0,0,0,0,2025-06-05
시도,성남 시도3228 노선,84,0,0,0,0,0,0,0,0,0,0,0,0,0,0,0,0,0,2025-06-05
시도,성남 시도3236 노선,110,0,0,0,0,0,0,0,0,0,0,0,0,0,0,0,0,0,2025-06-05
시도,성남 시도3226 노선,143,0,0,0,0,0,0,0,0,0,0,0,0,0,0,0,0,0,2025-06-05
시도,성남 시도3231 노선,120,0,0,0,0,0,0,0,0,0,0,0,0,0,0,0,0,0,2025-06-05
시도,성남 시도3271 노선,321,0,0,0,0,0,0,0,0,0,0,0,0,0,0,0,0,0,2025-06-05
시도,성남 시도3273 노선,440,0,0,0,0,0,0,0,0,0,0,0,0,0,0,0,0,0,2025-06-05
시도,성남 시도3274 노선,440,0,0,0,0,0,0,0,0,0,0,0,0,0,0,0,0,0,2025-06-05
시도,성남 시도3246 노선,450,0,0,0,0,0,0,0,0,0,0,0,0,0,0,0,0,0,2025-06-05
시도,성남 시도3251 노선,532,0,0,0,0,0,0,0,0,0,0,0,0,0,0,0,0,0,2025-06-05
시도,성남 시도3253 노선,125,0,0,0,0,0,0,0,0,0,0,0,0,0,0,0,0,0,2025-06-05
시도,성남 시도3255 노선,424,0,0,0,0,0,0,0,0,0,0,0,0,0,0,0,0,0,2025-06-05
시도,성남 시도3266 노선,336,0,0,0,0,0,0,0,0,0,0,0,0,0,0,0,0,0,2025-06-05
시도,성남 시도3281 노선,192,0,0,0,0,0,0,0,0,0,0,0,0,0,0,0,0,0,2025-06-05
시도,성남 시도3285 노선,92,0,0,0,0,0,0,0,0,0,0,0,0,0,0,0,0,0,2025-06-05
시도,성남 시도3286 노선,92,0,0,0,0,0,0,0,0,0,0,0,0,0,0,0,0,0,2025-06-05
시도,성남 시도3287 노선,216,0,0,0,0,0,0,0,0,0,0,0,0,0,0,0,0,0,2025-06-05
시도,성남 시도3288 노선,615,0,0,0,0,0,0,0,0,0,0,0,0,0,0,0,0,0,2025-06-05
시도,성남 시도3290 노선,266,0,0,0,0,0,0,0,0,0,0,0,0,0,0,0,0,0,2025-06-05
시도,성남 시도3292 노선,270,0,0,0,0,0,0,0,0,0,0,0,0,0,0,0,0,0,2025-06-05
시도,성남 시도3293 노선,235,0,0,0,0,0,0,0,0,0,0,0,0,0,0,0,0,0,2025-06-05
시도,성남 시도3294 노선,229,0,0,0,0,0,0,0,0,0,0,0,0,0,0,0,0,0,2025-06-05
시도,성남 시도3268 노선,43,0,0,0,0,0,0,0,0,0,0,0,0,0,0,0,0,0,2025-06-05
시도,성남 시도3277 노선,261,0,0,0,0,0,0,0,0,0,0,0,0,0,0,0,0,0,2025-06-05
시도,성남 시도3282 노선,92,0,0,0,0,0,0,0,0,0,0,0,0,0,0,0,0,0,2025-06-05
시도,성남 시도3291 노선,268,0,0,0,0,0,0,0,0,0,0,0,0,0,0,0,0,0,2025-06-05
시도,성남 시도3324 노선,121,0,0,0,0,0,0,0,0,0,0,0,0,0,0,0,0,0,2025-06-05
시도,성남 시도3325 노선,97,0,0,0,0,0,0,0,0,0,0,0,0,0,0,0,0,0,2025-06-05
시도,성남 시도3326 노선,61,0,0,0,0,0,0,0,0,0,0,0,0,0,0,0,0,0,2025-06-05
시도,성남 시도3327 노선,301,0,0,0,0,0,0,0,0,0,0,0,0,0,0,0,0,0,2025-06-05
시도,성남 시도3329 노선,309,0,0,0,0,0,0,0,0,0,0,0,0,0,0,0,0,0,2025-06-05
시도,성남 시도3330 노선,273,0,0,0,0,0,0,0,0,0,0,0,0,0,0,0,0,0,2025-06-05
시도,성남 시도3333 노선,109,0,0,0,0,0,0,0,0,0,0,0,0,0,0,0,0,0,2025-06-05
시도,성남 시도3334 노선,119,0,0,0,0,0,0,0,0,0,0,0,0,0,0,0,0,0,2025-06-05
시도,성남 시도3335 노선,167,0,0,0,0,0,0,0,0,0,0,0,0,0,0,0,0,0,2025-06-05
시도,성남 시도3336 노선,240,0,0,0,0,0,0,0,0,0,0,0,0,0,0,0,0,0,2025-06-05
시도,성남 시도3338 노선,976,0,0,0,0,0,0,0,0,0,0,0,0,0,0,0,0,0,2025-06-05
시도,성남 시도3341 노선,120,0,0,0,0,0,0,0,0,0,0,0,0,0,0,0,0,0,2025-06-05
시도,성남 시도3345 노선,65,0,0,0,0,0,0,0,0,0,0,0,0,0,0,0,0,0,2025-06-05
시도,성남 시도3347 노선,65,0,0,0,0,0,0,0,0,0,0,0,0,0,0,0,0,0,2025-06-05
시도,성남 시도3349 노선,64,0,0,0,0,0,0,0,0,0,0,0,0,0,0,0,0,0,2025-06-05
시도,성남 시도3350 노선,62,0,0,0,0,0,0,0,0,0,0,0,0,0,0,0,0,0,2025-06-05
시도,성남 시도3351 노선,1305,0,0,0,0,0,0,0,0,0,0,0,0,0,0,0,0,0,2025-06-05
시도,성남 시도3352 노선,204,0,0,0,0,0,0,0,0,0,0,0,0,0,0,0,0,0,2025-06-05
시도,성남 시도3353 노선,96,0,0,0,0,0,0,0,0,0,0,0,0,0,0,0,0,0,2025-06-05
시도,성남 시도3354 노선,134,0,0,0,0,0,0,0,0,0,0,0,0,0,0,0,0,0,2025-06-05
시도,성남 시도3355 노선,80,0,0,0,0,0,0,0,0,0,0,0,0,0,0,0,0,0,2025-06-05
시도,성남 시도3357 노선,213,0,0,0,0,0,0,0,0,0,0,0,0,0,0,0,0,0,2025-06-05
시도,성남 시도3360 노선,178,0,0,0,0,0,0,0,0,0,0,0,0,0,0,0,0,0,2025-06-05
시도,성남 시도3361 노선,28,0,0,0,0,0,0,0,0,0,0,0,0,0,0,0,0,0,2025-06-05
시도,성남 시도3362 노선,270,0,0,0,0,0,0,0,0,0,0,0,0,0,0,0,0,0,2025-06-05
시도,성남 시도3363 노선,53,0,0,0,0,0,0,0,0,0,0,0,0,0,0,0,0,0,2025-06-05
시도,성남 시도3364 노선,247,0,0,0,0,0,0,0,0,0,0,0,0,0,0,0,0,0,2025-06-05
시도,성남 시도3367 노선,116,0,0,0,0,0,0,0,0,0,0,0,0,0,0,0,0,0,2025-06-05
시도,성남 시도3368 노선,180,0,0,0,0,0,0,0,0,0,0,0,0,0,0,0,0,0,2025-06-05
시도,성남 시도3369 노선,64,0,0,0,0,0,0,0,0,0,0,0,0,0,0,0,0,0,2025-06-05
시도,성남 시도3342 노선,103,0,0,0,0,0,0,0,0,0,0,0,0,0,0,0,0,0,2025-06-05
시도,성남 시도3323 노선,208,0,0,0,0,0,0,0,0,0,0,0,0,0,0,0,0,0,2025-06-05
시도,성남 시도3328 노선,108,0,0,0,0,0,0,0,0,0,0,0,0,0,0,0,0,0,2025-06-05
시도,성남 시도3331 노선,519,0,0,0,0,0,0,0,0,0,0,0,0,0,0,0,0,0,2025-06-05
시도,성남 시도3332 노선,142,0,0,0,0,0,0,0,0,0,0,0,0,0,0,0,0,0,2025-06-05
시도,성남 시도3339 노선,65,0,0,0,0,0,0,0,0,0,0,0,0,0,0,0,0,0,2025-06-05
시도,성남 시도3340 노선,151,0,0,0,0,0,0,0,0,0,0,0,0,0,0,0,0,0,2025-06-05
시도,성남 시도3343 노선,84,0,0,0,0,0,0,0,0,0,0,0,0,0,0,0,0,0,2025-06-05
시도,성남 시도3344 노선,29,0,0,0,0,0,0,0,0,0,0,0,0,0,0,0,0,0,2025-06-05
시도,성남 시도3346 노선,65,0,0,0,0,0,0,0,0,0,0,0,0,0,0,0,0,0,2025-06-05
시도,성남 시도3356 노선,237,0,0,0,0,0,0,0,0,0,0,0,0,0,0,0,0,0,2025-06-05
시도,성남 시도3359 노선,175,0,0,0,0,0,0,0,0,0,0,0,0,0,0,0,0,0,2025-06-05
시도,성남 시도3366 노선,12,0,0,0,0,0,0,0,0,0,0,0,0,0,0,0,0,0,2025-06-05
시도,성남 시도3337 노선,120,0,0,0,0,0,0,0,0,0,0,0,0,0,0,0,0,0,2025-06-05
시도,성남 시도3358 노선,116,0,0,0,0,0,0,0,0,0,0,0,0,0,0,0,0,0,2025-06-05
시도,성남 시도3365 노선,98,0,0,0,0,0,0,0,0,0,0,0,0,0,0,0,0,0,2025-06-05
시도,성남 시도3348 노선,65,0,0,0,0,0,0,0,0,0,0,0,0,0,0,0,0,0,2025-06-05
시도,성남 시도3298 노선,90,0,0,0,0,0,0,0,0,0,0,0,0,0,0,0,0,0,2025-06-05
시도,성남 시도3299 노선,63,0,0,0,0,0,0,0,0,0,0,0,0,0,0,0,0,0,2025-06-05
시도,성남 시도3300 노선,52,0,0,0,0,0,0,0,0,0,0,0,0,0,0,0,0,0,2025-06-05
시도,성남 시도3301 노선,51,0,0,0,0,0,0,0,0,0,0,0,0,0,0,0,0,0,2025-06-05
시도,성남 시도3302 노선,38,0,0,0,0,0,0,0,0,0,0,0,0,0,0,0,0,0,2025-06-05
시도,성남 시도3303 노선,91,0,0,0,0,0,0,0,0,0,0,0,0,0,0,0,0,0,2025-06-05
시도,성남 시도3304 노선,110,0,0,0,0,0,0,0,0,0,0,0,0,0,0,0,0,0,2025-06-05
시도,성남 시도3305 노선,124,0,0,0,0,0,0,0,0,0,0,0,0,0,0,0,0,0,2025-06-05
시도,성남 시도3306 노선,100,0,0,0,0,0,0,0,0,0,0,0,0,0,0,0,0,0,2025-06-05
시도,성남 시도3307 노선,72,0,0,0,0,0,0,0,0,0,0,0,0,0,0,0,0,0,2025-06-05
시도,성남 시도3308 노선,126,0,0,0,0,0,0,0,0,0,0,0,0,0,0,0,0,0,2025-06-05
시도,성남 시도3309 노선,94,0,0,0,0,0,0,0,0,0,0,0,0,0,0,0,0,0,2025-06-05
시도,성남 시도3310 노선,50,0,0,0,0,0,0,0,0,0,0,0,0,0,0,0,0,0,2025-06-05
시도,성남 시도3311 노선,390,0,0,0,0,0,0,0,0,0,0,0,0,0,0,0,0,0,2025-06-05
시도,성남 시도3312 노선,357,0,0,0,0,0,0,0,0,0,0,0,0,0,0,0,0,0,2025-06-05
시도,성남 시도3313 노선,48,0,0,0,0,0,0,0,0,0,0,0,0,0,0,0,0,0,2025-06-05
시도,성남 시도3314 노선,482,0,0,0,0,0,0,0,0,0,0,0,0,0,0,0,0,0,2025-06-05
시도,성남 시도3315 노선,108,0,0,0,0,0,0,0,0,0,0,0,0,0,0,0,0,0,2025-06-05
시도,성남 시도3316 노선,100,0,0,0,0,0,0,0,0,0,0,0,0,0,0,0,0,0,2025-06-05
시도,성남 시도3318 노선,110,0,0,0,0,0,0,0,0,0,0,0,0,0,0,0,0,0,2025-06-05
시도,성남 시도3319 노선,336,0,0,0,0,0,0,0,0,0,0,0,0,0,0,0,0,0,2025-06-05
시도,성남 시도3320 노선,314,0,0,0,0,0,0,0,0,0,0,0,0,0,0,0,0,0,2025-06-05
시도,성남 시도3321 노선,90,0,0,0,0,0,0,0,0,0,0,0,0,0,0,0,0,0,2025-06-05
시도,성남 시도3322 노선,198,0,0,0,0,0,0,0,0,0,0,0,0,0,0,0,0,0,2025-06-05
시도,성남 시도3317 노선,401,0,0,0,0,0,0,0,0,0,0,0,0,0,0,0,0,0,2025-06-05
시도,성남 시도3569 노선,292,0,0,0,0,0,0,0,0,0,0,0,0,0,0,0,0,0,2025-06-05
시도,성남 시도3570 노선,273,0,0,0,0,0,0,0,0,0,0,0,0,0,0,0,0,0,2025-06-05
시도,성남 시도3571 노선,262,0,0,0,0,0,0,0,0,0,0,0,0,0,0,0,0,0,2025-06-05
시도,성남 시도3572 노선,259,0,0,0,0,0,0,0,0,0,0,0,0,0,0,0,0,0,2025-06-05
시도,성남 시도3575 노선,106,0,0,0,0,0,0,0,0,0,0,0,0,0,0,0,0,0,2025-06-05
시도,성남 시도3557 노선,78,0,0,0,0,0,0,0,0,0,0,0,0,0,0,0,0,0,2025-06-05
시도,성남 시도3558 노선,160,0,0,0,0,0,0,0,0,0,0,0,0,0,0,0,0,0,2025-06-05
시도,성남 시도3559 노선,123,0,0,0,0,0,0,0,0,0,0,0,0,0,0,0,0,0,2025-06-05
시도,성남 시도3561 노선,72,0,0,0,0,0,0,0,0,0,0,0,0,0,0,0,0,0,2025-06-05
시도,성남 시도3562 노선,222,0,0,0,0,0,0,0,0,0,0,0,0,0,0,0,0,0,2025-06-05
시도,성남 시도3564 노선,112,0,0,0,0,0,0,0,0,0,0,0,0,0,0,0,0,0,2025-06-05
시도,성남 시도3565 노선,32,0,0,0,0,0,0,0,0,0,0,0,0,0,0,0,0,0,2025-06-05
시도,성남 시도3566 노선,356,0,0,0,0,0,0,0,0,0,0,0,0,0,0,0,0,0,2025-06-05
시도,성남 시도3576 노선,104,0,0,0,0,0,0,0,0,0,0,0,0,0,0,0,0,0,2025-06-05
시도,성남 시도3577 노선,100,0,0,0,0,0,0,0,0,0,0,0,0,0,0,0,0,0,2025-06-05
시도,성남 시도3578 노선,97,0,0,0,0,0,0,0,0,0,0,0,0,0,0,0,0,0,2025-06-05
시도,성남 시도3579 노선,27,0,0,0,0,0,0,0,0,0,0,0,0,0,0,0,0,0,2025-06-05
시도,성남 시도3580 노선,22,0,0,0,0,0,0,0,0,0,0,0,0,0,0,0,0,0,2025-06-05
시도,성남 시도3582 노선,151,0,0,0,0,0,0,0,0,0,0,0,0,0,0,0,0,0,2025-06-05
시도,성남 시도3583 노선,103,0,0,0,0,0,0,0,0,0,0,0,0,0,0,0,0,0,2025-06-05
시도,성남 시도3586 노선,73,0,0,0,0,0,0,0,0,0,0,0,0,0,0,0,0,0,2025-06-05
시도,성남 시도3588 노선,32,0,0,0,0,0,0,0,0,0,0,0,0,0,0,0,0,0,2025-06-05
시도,성남 시도3568 노선,307,0,0,0,0,0,0,0,0,0,0,0,0,0,0,0,0,0,2025-06-05
시도,성남 시도3573 노선,50,0,0,0,0,0,0,0,0,0,0,0,0,0,0,0,0,0,2025-06-05
시도,성남 시도3574 노선,106,0,0,0,0,0,0,0,0,0,0,0,0,0,0,0,0,0,2025-06-05
시도,성남 시도3589 노선,374,0,0,0,0,0,0,0,0,0,0,0,0,0,0,0,0,0,2025-06-05
시도,성남 시도3590 노선,111,0,0,0,0,0,0,0,0,0,0,0,0,0,0,0,0,0,2025-06-05
시도,성남 시도3591 노선,110,0,0,0,0,0,0,0,0,0,0,0,0,0,0,0,0,0,2025-06-05
시도,성남 시도3592 노선,110,0,0,0,0,0,0,0,0,0,0,0,0,0,0,0,0,0,2025-06-05
시도,성남 시도3593 노선,108,0,0,0,0,0,0,0,0,0,0,0,0,0,0,0,0,0,2025-06-05
시도,성남 시도3594 노선,102,0,0,0,0,0,0,0,0,0,0,0,0,0,0,0,0,0,2025-06-05
시도,성남 시도3600 노선,71,0,0,0,0,0,0,0,0,0,0,0,0,0,0,0,0,0,2025-06-05
시도,성남 시도3601 노선,311,0,0,0,0,0,0,0,0,0,0,0,0,0,0,0,0,0,2025-06-05
시도,성남 시도3602 노선,336,0,0,0,0,0,0,0,0,0,0,0,0,0,0,0,0,0,2025-06-05
시도,성남 시도3581 노선,91,0,0,0,0,0,0,0,0,0,0,0,0,0,0,0,0,0,2025-06-05
시도,성남 시도3584 노선,155,0,0,0,0,0,0,0,0,0,0,0,0,0,0,0,0,0,2025-06-05
시도,성남 시도3585 노선,135,0,0,0,0,0,0,0,0,0,0,0,0,0,0,0,0,0,2025-06-05
시도,성남 시도3587 노선,46,0,0,0,0,0,0,0,0,0,0,0,0,0,0,0,0,0,2025-06-05
시도,성남 시도3595 노선,160,0,0,0,0,0,0,0,0,0,0,0,0,0,0,0,0,0,2025-06-05
시도,성남 시도3596 노선,196,0,0,0,0,0,0,0,0,0,0,0,0,0,0,0,0,0,2025-06-05
시도,성남 시도3597 노선,104,0,0,0,0,0,0,0,0,0,0,0,0,0,0,0,0,0,2025-06-05
시도,성남 시도3598 노선,97,0,0,0,0,0,0,0,0,0,0,0,0,0,0,0,0,0,2025-06-05
시도,성남 시도3599 노선,75,0,0,0,0,0,0,0,0,0,0,0,0,0,0,0,0,0,2025-06-05
시도,성남 시도3604 노선,272,0,0,0,0,0,0,0,0,0,0,0,0,0,0,0,0,0,2025-06-05
시도,성남 시도3605 노선,264,0,0,0,0,0,0,0,0,0,0,0,0,0,0,0,0,0,2025-06-05
시도,성남 시도3606 노선,219,0,0,0,0,0,0,0,0,0,0,0,0,0,0,0,0,0,2025-06-05
시도,성남 시도3607 노선,17,0,0,0,0,0,0,0,0,0,0,0,0,0,0,0,0,0,2025-06-05
시도,성남 시도3608 노선,219,0,0,0,0,0,0,0,0,0,0,0,0,0,0,0,0,0,2025-06-05
시도,성남 시도3610 노선,115,0,0,0,0,0,0,0,0,0,0,0,0,0,0,0,0,0,2025-06-05
시도,성남 시도3611 노선,244,0,0,0,0,0,0,0,0,0,0,0,0,0,0,0,0,0,2025-06-05
시도,성남 시도3612 노선,304,0,0,0,0,0,0,0,0,0,0,0,0,0,0,0,0,0,2025-06-05
시도,성남 시도3613 노선,232,0,0,0,0,0,0,0,0,0,0,0,0,0,0,0,0,0,2025-06-05
시도,성남 시도3614 노선,62,0,0,0,0,0,0,0,0,0,0,0,0,0,0,0,0,0,2025-06-05
시도,성남 시도3615 노선,68,0,0,0,0,0,0,0,0,0,0,0,0,0,0,0,0,0,2025-06-05
시도,성남 시도3616 노선,72,0,0,0,0,0,0,0,0,0,0,0,0,0,0,0,0,0,2025-06-05
시도,성남 시도3603 노선,108,0,0,0,0,0,0,0,0,0,0,0,0,0,0,0,0,0,2025-06-05
시도,성남 시도3618 노선,122,0,0,0,0,0,0,0,0,0,0,0,0,0,0,0,0,0,2025-06-05
시도,성남 시도3619 노선,93,0,0,0,0,0,0,0,0,0,0,0,0,0,0,0,0,0,2025-06-05
시도,성남 시도3620 노선,0,0,0,0,150,0,0,0,0,0,0,0,0,0,0,0,0,0,2025-06-05
시도,성남 시도3625 노선,245,0,0,0,0,0,0,0,0,0,0,0,0,0,0,0,0,0,2025-06-05
시도,성남 시도3626 노선,134,0,0,0,0,0,0,0,0,0,0,0,0,0,0,0,0,0,2025-06-05
시도,성남 시도3627 노선,134,0,0,0,0,0,0,0,0,0,0,0,0,0,0,0,0,0,2025-06-05
시도,성남 시도3632 노선,143,0,0,0,0,0,0,0,0,0,0,0,0,0,0,0,0,0,2025-06-05
시도,성남 시도3609 노선,258,0,0,0,0,0,0,0,0,0,0,0,0,0,0,0,0,0,2025-06-05
시도,성남 시도3617 노선,72,0,0,0,0,0,0,0,0,0,0,0,0,0,0,0,0,0,2025-06-05
시도,성남 시도3622 노선,209,0,0,0,0,0,0,0,0,0,0,0,0,0,0,0,0,0,2025-06-05
시도,성남 시도3624 노선,229,0,0,0,0,0,0,0,0,0,0,0,0,0,0,0,0,0,2025-06-05
시도,성남 시도3628 노선,90,0,0,0,0,0,0,0,0,0,0,0,0,0,0,0,0,0,2025-06-05
시도,성남 시도3629 노선,90,0,0,0,0,0,0,0,0,0,0,0,0,0,0,0,0,0,2025-06-05
시도,성남 시도3631 노선,94,0,0,0,0,0,0,0,0,0,0,0,0,0,0,0,0,0,2025-06-05
시도,성남 시도3633 노선,84,0,0,0,0,0,0,0,0,0,0,0,0,0,0,0,0,0,2025-06-05
시도,성남 시도3554 노선,143,0,0,0,0,0,0,0,0,0,0,0,0,0,0,0,0,0,2025-06-05
시도,성남 시도3621 노선,241,0,0,0,0,0,0,0,0,0,0,0,0,0,0,0,0,0,2025-06-05
시도,성남 시도3623 노선,122,0,0,0,0,0,0,0,0,0,0,0,0,0,0,0,0,0,2025-06-05
시도,성남 시도3630 노선,277,0,0,0,0,0,0,0,0,0,0,0,0,0,0,0,0,0,2025-06-05
시도,성남 시도3634 노선,105,0,0,0,0,0,0,0,0,0,0,0,0,0,0,0,0,0,2025-06-05
시도,성남 시도3635 노선,235,0,0,0,0,0,0,0,0,0,0,0,0,0,0,0,0,0,2025-06-05
시도,성남 시도3636 노선,237,0,0,0,0,0,0,0,0,0,0,0,0,0,0,0,0,0,2025-06-05
시도,성남 시도3637 노선,103,0,0,0,0,0,0,0,0,0,0,0,0,0,0,0,0,0,2025-06-05
시도,성남 시도3638 노선,105,0,0,0,0,0,0,0,0,0,0,0,0,0,0,0,0,0,2025-06-05
시도,성남 시도3639 노선,80,0,0,0,0,0,0,0,0,0,0,0,0,0,0,0,0,0,2025-06-05
시도,성남 시도3640 노선,134,0,0,0,0,0,0,0,0,0,0,0,0,0,0,0,0,0,2025-06-05
시도,성남 시도3641 노선,57,0,0,0,0,0,0,0,0,0,0,0,0,0,0,0,0,0,2025-06-05
시도,성남 시도3642 노선,57,0,0,0,0,0,0,0,0,0,0,0,0,0,0,0,0,0,2025-06-05
시도,성남 시도3527 노선,224,0,0,0,0,0,0,0,0,0,0,0,0,0,0,0,0,0,2025-06-05
시도,성남 시도3495 노선,138,0,0,0,0,0,0,0,0,0,0,0,0,0,0,0,0,0,2025-06-05
시도,성남 시도3496 노선,83,0,0,0,0,0,0,0,0,0,0,0,0,0,0,0,0,0,2025-06-05
시도,성남 시도3530 노선,212,0,0,0,0,0,0,0,0,0,0,0,0,0,0,0,0,0,2025-06-05
시도,성남 시도3497 노선,121,0,0,0,0,0,0,0,0,0,0,0,0,0,0,0,0,0,2025-06-05
시도,성남 시도3532 노선,24,0,0,0,0,0,0,0,0,0,0,0,0,0,0,0,0,0,2025-06-05
시도,성남 시도3500 노선,280,0,0,0,0,0,0,0,0,0,0,0,0,0,0,0,0,0,2025-06-05
시도,성남 시도3502 노선,137,0,0,0,0,0,0,0,0,0,0,0,0,0,0,0,0,0,2025-06-05
시도,성남 시도3503 노선,653,0,0,0,0,0,0,0,0,0,0,0,0,0,0,0,0,0,2025-06-05
시도,성남 시도3545 노선,269,0,0,0,0,0,0,0,0,0,0,0,0,0,0,0,0,0,2025-06-05
시도,성남 시도3555 노선,30,0,0,0,0,0,0,0,0,0,0,0,0,0,0,0,0,0,2025-06-05
시도,성남 시도3393 노선,162,0,0,0,0,0,0,0,0,0,0,0,0,0,0,0,0,0,2025-06-05
시도,성남 시도3396 노선,20,0,0,0,0,0,0,0,0,0,0,0,0,0,0,0,0,0,2025-06-05
시도,성남 시도3425 노선,47,0,0,0,0,0,0,0,0,0,0,0,0,0,0,0,0,0,2025-06-05
시도,성남 시도3427 노선,9,0,0,0,0,0,0,0,0,0,0,0,0,0,0,0,0,0,2025-06-05
시도,성남 시도3430 노선,406,0,0,0,0,0,0,0,0,0,0,0,0,0,0,0,0,0,2025-06-05
시도,성남 시도3509 노선,226,0,0,0,0,0,0,0,0,0,0,0,0,0,0,0,0,0,2025-06-05
시도,성남 시도3475 노선,72,0,0,0,0,0,0,0,0,0,0,0,0,0,0,0,0,0,2025-06-05
시도,성남 시도3517 노선,703,0,0,0,0,0,0,0,0,0,0,0,0,0,0,0,0,0,2025-06-05
시도,성남 시도3484 노선,99,0,0,0,0,0,0,0,0,0,0,0,0,0,0,0,0,0,2025-06-05
시도,성남 시도3488 노선,80,0,0,0,0,0,0,0,0,0,0,0,0,0,0,0,0,0,2025-06-05
시도,성남 시도3472 노선,17,0,0,0,0,0,0,0,0,0,0,0,0,0,0,0,0,0,2025-06-05
시도,성남 시도3490 노선,103,0,0,0,0,0,0,0,0,0,0,0,0,0,0,0,0,0,2025-06-05
시도,성남 시도3523 노선,51,0,0,0,0,0,0,0,0,0,0,0,0,0,0,0,0,0,2025-06-05
시도,성남 시도3491 노선,214,0,0,0,0,0,0,0,0,0,0,0,0,0,0,0,0,0,2025-06-05
시도,성남 시도3524 노선,351,0,0,0,0,0,0,0,0,0,0,0,0,0,0,0,0,0,2025-06-05
시도,성남 시도3492 노선,269,0,0,0,0,0,0,0,0,0,0,0,0,0,0,0,0,0,2025-06-05
시도,성남 시도3493 노선,70,0,0,0,0,0,0,0,0,0,0,0,0,0,0,0,0,0,2025-06-05
시도,성남 시도3525 노선,369,0,0,0,0,0,0,0,0,0,0,0,0,0,0,0,0,0,2025-06-05
시도,성남 시도3494 노선,274,0,0,0,0,0,0,0,0,0,0,0,0,0,0,0,0,0,2025-06-05
시도,성남 시도3526 노선,64,0,0,0,0,0,0,0,0,0,0,0,0,0,0,0,0,0,2025-06-05
시도,성남 시도3529 노선,427,0,0,0,0,0,0,0,0,0,0,0,0,0,0,0,0,0,2025-06-05
시도,성남 시도3531 노선,209,0,0,0,0,0,0,0,0,0,0,0,0,0,0,0,0,0,2025-06-05
시도,성남 시도3498 노선,138,0,0,0,0,0,0,0,0,0,0,0,0,0,0,0,0,0,2025-06-05
시도,성남 시도3499 노선,54,0,0,0,0,0,0,0,0,0,0,0,0,0,0,0,0,0,2025-06-05
시도,성남 시도3501 노선,213,0,0,0,0,0,0,0,0,0,0,0,0,0,0,0,0,0,2025-06-05
시도,성남 시도3533 노선,224,0,0,0,0,0,0,0,0,0,0,0,0,0,0,0,0,0,2025-06-05
시도,성남 시도3534 노선,298,0,0,0,0,0,0,0,0,0,0,0,0,0,0,0,0,0,2025-06-05
시도,성남 시도3535 노선,132,0,0,0,0,0,0,0,0,0,0,0,0,0,0,0,0,0,2025-06-05
시도,성남 시도3536 노선,262,0,0,0,0,0,0,0,0,0,0,0,0,0,0,0,0,0,2025-06-05
시도,성남 시도3537 노선,129,0,0,0,0,0,0,0,0,0,0,0,0,0,0,0,0,0,2025-06-05
시도,성남 시도3538 노선,107,0,0,0,0,0,0,0,0,0,0,0,0,0,0,0,0,0,2025-06-05
시도,성남 시도3539 노선,76,0,0,0,0,0,0,0,0,0,0,0,0,0,0,0,0,0,2025-06-05
시도,성남 시도3540 노선,166,0,0,0,0,0,0,0,0,0,0,0,0,0,0,0,0,0,2025-06-05
시도,성남 시도3541 노선,245,0,0,0,0,0,0,0,0,0,0,0,0,0,0,0,0,0,2025-06-05
시도,성남 시도3542 노선,36,0,0,0,0,0,0,0,0,0,0,0,0,0,0,0,0,0,2025-06-05
시도,성남 시도3543 노선,55,0,0,0,0,0,0,0,0,0,0,0,0,0,0,0,0,0,2025-06-05
시도,성남 시도3544 노선,74,0,0,0,0,0,0,0,0,0,0,0,0,0,0,0,0,0,2025-06-05
시도,성남 시도3546 노선,145,0,0,0,0,0,0,0,0,0,0,0,0,0,0,0,0,0,2025-06-05
시도,성남 시도3547 노선,155,0,0,0,0,0,0,0,0,0,0,0,0,0,0,0,0,0,2025-06-05
시도,성남 시도3548 노선,94,0,0,0,0,0,0,0,0,0,0,0,0,0,0,0,0,0,2025-06-05
시도,성남 시도3549 노선,107,0,0,0,0,0,0,0,0,0,0,0,0,0,0,0,0,0,2025-06-05
시도,성남 시도3550 노선,75,0,0,0,0,0,0,0,0,0,0,0,0,0,0,0,0,0,2025-06-05
시도,성남 시도3551 노선,163,0,0,0,0,0,0,0,0,0,0,0,0,0,0,0,0,0,2025-06-05
시도,성남 시도3552 노선,133,0,0,0,0,0,0,0,0,0,0,0,0,0,0,0,0,0,2025-06-05
시도,성남 시도3553 노선,237,0,0,0,0,0,0,0,0,0,0,0,0,0,0,0,0,0,2025-06-05
시도,성남 시도3528 노선,95,0,0,0,0,0,0,0,0,0,0,0,0,0,0,0,0,0,2025-06-05
시도,성남 시도3556 노선,33,0,0,0,0,0,0,0,0,0,0,0,0,0,0,0,0,0,2025-06-05
시도,성남 시도3560 노선,80,0,0,0,0,0,0,0,0,0,0,0,0,0,0,0,0,0,2025-06-05
시도,성남 시도3563 노선,216,0,0,0,0,0,0,0,0,0,0,0,0,0,0,0,0,0,2025-06-05
시도,성남 시도3567 노선,352,0,0,0,0,0,0,0,0,0,0,0,0,0,0,0,0,0,2025-06-05
시도,성남 시도3372 노선,9,0,0,0,0,0,0,0,0,0,0,0,0,0,0,0,0,0,2025-06-05
시도,성남 시도3374 노선,25,0,0,0,0,0,0,0,0,0,0,0,0,0,0,0,0,0,2025-06-05
시도,성남 시도3378 노선,32,0,0,0,0,0,0,0,0,0,0,0,0,0,0,0,0,0,2025-06-05
시도,성남 시도3379 노선,135,0,0,0,0,0,0,0,0,0,0,0,0,0,0,0,0,0,2025-06-05
시도,성남 시도3380 노선,32,0,0,0,0,0,0,0,0,0,0,0,0,0,0,0,0,0,2025-06-05
시도,성남 시도3381 노선,15,0,0,0,0,0,0,0,0,0,0,0,0,0,0,0,0,0,2025-06-05
시도,성남 시도3383 노선,31,0,0,0,0,0,0,0,0,0,0,0,0,0,0,0,0,0,2025-06-05
시도,성남 시도3384 노선,49,0,0,0,0,0,0,0,0,0,0,0,0,0,0,0,0,0,2025-06-05
시도,성남 시도3385 노선,18,0,0,0,0,0,0,0,0,0,0,0,0,0,0,0,0,0,2025-06-05
시도,성남 시도3386 노선,82,0,0,0,0,0,0,0,0,0,0,0,0,0,0,0,0,0,2025-06-05
시도,성남 시도3387 노선,112,0,0,0,0,0,0,0,0,0,0,0,0,0,0,0,0,0,2025-06-05
시도,성남 시도3388 노선,168,0,0,0,0,0,0,0,0,0,0,0,0,0,0,0,0,0,2025-06-05
시도,성남 시도3375 노선,270,0,0,0,0,0,0,0,0,0,0,0,0,0,0,0,0,0,2025-06-05
시도,성남 시도3376 노선,184,0,0,0,0,0,0,0,0,0,0,0,0,0,0,0,0,0,2025-06-05
시도,성남 시도3377 노선,75,0,0,0,0,0,0,0,0,0,0,0,0,0,0,0,0,0,2025-06-05
시도,성남 시도3382 노선,110,0,0,0,0,0,0,0,0,0,0,0,0,0,0,0,0,0,2025-06-05
시도,성남 시도3390 노선,30,0,0,0,0,0,0,0,0,0,0,0,0,0,0,0,0,0,2025-06-05
시도,성남 시도3391 노선,16,0,0,0,0,0,0,0,0,0,0,0,0,0,0,0,0,0,2025-06-05
시도,성남 시도3395 노선,191,0,0,0,0,0,0,0,0,0,0,0,0,0,0,0,0,0,2025-06-05
시도,성남 시도3399 노선,225,0,0,0,0,0,0,0,0,0,0,0,0,0,0,0,0,0,2025-06-05
시도,성남 시도3400 노선,75,0,0,0,0,0,0,0,0,0,0,0,0,0,0,0,0,0,2025-06-05
시도,성남 시도3370 노선,50,0,0,0,0,0,0,0,0,0,0,0,0,0,0,0,0,0,2025-06-05
시도,성남 시도3371 노선,32,0,0,0,0,0,0,0,0,0,0,0,0,0,0,0,0,0,2025-06-05
시도,성남 시도3373 노선,80,0,0,0,0,0,0,0,0,0,0,0,0,0,0,0,0,0,2025-06-05
시도,성남 시도3389 노선,255,0,0,0,0,0,0,0,0,0,0,0,0,0,0,0,0,0,2025-06-05
시도,성남 시도3394 노선,245,0,0,0,0,0,0,0,0,0,0,0,0,0,0,0,0,0,2025-06-05
시도,성남 시도3401 노선,75,0,0,0,0,0,0,0,0,0,0,0,0,0,0,0,0,0,2025-06-05
시도,성남 시도3403 노선,26,0,0,0,0,0,0,0,0,0,0,0,0,0,0,0,0,0,2025-06-05
시도,성남 시도3404 노선,98,0,0,0,0,0,0,0,0,0,0,0,0,0,0,0,0,0,2025-06-05
시도,성남 시도3405 노선,182,0,0,0,0,0,0,0,0,0,0,0,0,0,0,0,0,0,2025-06-05
시도,성남 시도3407 노선,107,0,0,0,0,0,0,0,0,0,0,0,0,0,0,0,0,0,2025-06-05
시도,성남 시도3409 노선,96,0,0,0,0,0,0,0,0,0,0,0,0,0,0,0,0,0,2025-06-05
시도,성남 시도3411 노선,13,0,0,0,0,0,0,0,0,0,0,0,0,0,0,0,0,0,2025-06-05
시도,성남 시도3412 노선,62,0,0,0,0,0,0,0,0,0,0,0,0,0,0,0,0,0,2025-06-05
시도,성남 시도3414 노선,161,0,0,0,0,0,0,0,0,0,0,0,0,0,0,0,0,0,2025-06-05
시도,성남 시도3416 노선,110,0,0,0,0,0,0,0,0,0,0,0,0,0,0,0,0,0,2025-06-05
시도,성남 시도3419 노선,27,0,0,0,0,0,0,0,0,0,0,0,0,0,0,0,0,0,2025-06-05
시도,성남 시도3392 노선,84,0,0,0,0,0,0,0,0,0,0,0,0,0,0,0,0,0,2025-06-05
시도,성남 시도3397 노선,14,0,0,0,0,0,0,0,0,0,0,0,0,0,0,0,0,0,2025-06-05
시도,성남 시도3398 노선,30,0,0,0,0,0,0,0,0,0,0,0,0,0,0,0,0,0,2025-06-05
시도,성남 시도3402 노선,17,0,0,0,0,0,0,0,0,0,0,0,0,0,0,0,0,0,2025-06-05
시도,성남 시도3406 노선,268,0,0,0,0,0,0,0,0,0,0,0,0,0,0,0,0,0,2025-06-05
시도,성남 시도3408 노선,82,0,0,0,0,0,0,0,0,0,0,0,0,0,0,0,0,0,2025-06-05
시도,성남 시도3410 노선,24,0,0,0,0,0,0,0,0,0,0,0,0,0,0,0,0,0,2025-06-05
시도,성남 시도3417 노선,18,0,0,0,0,0,0,0,0,0,0,0,0,0,0,0,0,0,2025-06-05
시도,성남 시도3418 노선,30,0,0,0,0,0,0,0,0,0,0,0,0,0,0,0,0,0,2025-06-05
시도,성남 시도3420 노선,20,0,0,0,0,0,0,0,0,0,0,0,0,0,0,0,0,0,2025-06-05
시도,성남 시도3421 노선,42,0,0,0,0,0,0,0,0,0,0,0,0,0,0,0,0,0,2025-06-05
시도,성남 시도3422 노선,78,0,0,0,0,0,0,0,0,0,0,0,0,0,0,0,0,0,2025-06-05
시도,성남 시도3424 노선,22,0,0,0,0,0,0,0,0,0,0,0,0,0,0,0,0,0,2025-06-05
시도,성남 시도3426 노선,196,0,0,0,0,0,0,0,0,0,0,0,0,0,0,0,0,0,2025-06-05
시도,성남 시도3432 노선,118,0,0,0,0,0,0,0,0,0,0,0,0,0,0,0,0,0,2025-06-05
시도,성남 시도3434 노선,116,0,0,0,0,0,0,0,0,0,0,0,0,0,0,0,0,0,2025-06-05
시도,성남 시도3435 노선,19,0,0,0,0,0,0,0,0,0,0,0,0,0,0,0,0,0,2025-06-05
시도,성남 시도3413 노선,66,0,0,0,0,0,0,0,0,0,0,0,0,0,0,0,0,0,2025-06-05
시도,성남 시도3415 노선,76,0,0,0,0,0,0,0,0,0,0,0,0,0,0,0,0,0,2025-06-05
시도,성남 시도3429 노선,170,0,0,0,0,0,0,0,0,0,0,0,0,0,0,0,0,0,2025-06-05
시도,성남 시도3431 노선,16,0,0,0,0,0,0,0,0,0,0,0,0,0,0,0,0,0,2025-06-05
시도,성남 시도3433 노선,71,0,0,0,0,0,0,0,0,0,0,0,0,0,0,0,0,0,2025-06-05
시도,성남 시도3436 노선,118,0,0,0,0,0,0,0,0,0,0,0,0,0,0,0,0,0,2025-06-05
시도,성남 시도3438 노선,76,0,0,0,0,0,0,0,0,0,0,0,0,0,0,0,0,0,2025-06-05
시도,성남 시도3439 노선,15,0,0,0,0,0,0,0,0,0,0,0,0,0,0,0,0,0,2025-06-05
시도,성남 시도3441 노선,145,0,0,0,0,0,0,0,0,0,0,0,0,0,0,0,0,0,2025-06-05
시도,성남 시도3442 노선,180,0,0,0,0,0,0,0,0,0,0,0,0,0,0,0,0,0,2025-06-05
시도,성남 시도3443 노선,144,0,0,0,0,0,0,0,0,0,0,0,0,0,0,0,0,0,2025-06-05
시도,성남 시도3445 노선,99,0,0,0,0,0,0,0,0,0,0,0,0,0,0,0,0,0,2025-06-05
시도,성남 시도3447 노선,41,0,0,0,0,0,0,0,0,0,0,0,0,0,0,0,0,0,2025-06-05
시도,성남 시도3449 노선,470,0,0,0,0,0,0,0,0,0,0,0,0,0,0,0,0,0,2025-06-05
시도,성남 시도3450 노선,196,0,0,0,0,0,0,0,0,0,0,0,0,0,0,0,0,0,2025-06-05
시도,성남 시도3423 노선,200,0,0,0,0,0,0,0,0,0,0,0,0,0,0,0,0,0,2025-06-05
시도,성남 시도3428 노선,14,0,0,0,0,0,0,0,0,0,0,0,0,0,0,0,0,0,2025-06-05
시도,성남 시도3444 노선,41,0,0,0,0,0,0,0,0,0,0,0,0,0,0,0,0,0,2025-06-05
시도,성남 시도3446 노선,12,0,0,0,0,0,0,0,0,0,0,0,0,0,0,0,0,0,2025-06-05
시도,성남 시도3448 노선,55,0,0,0,0,0,0,0,0,0,0,0,0,0,0,0,0,0,2025-06-05
시도,성남 시도3453 노선,155,0,0,0,0,0,0,0,0,0,0,0,0,0,0,0,0,0,2025-06-05
시도,성남 시도3454 노선,275,0,0,0,0,0,0,0,0,0,0,0,0,0,0,0,0,0,2025-06-05
시도,성남 시도3456 노선,17,0,0,0,0,0,0,0,0,0,0,0,0,0,0,0,0,0,2025-06-05
시도,성남 시도3458 노선,306,0,0,0,0,0,0,0,0,0,0,0,0,0,0,0,0,0,2025-06-05
시도,성남 시도3459 노선,253,0,0,0,0,0,0,0,0,0,0,0,0,0,0,0,0,0,2025-06-05
시도,성남 시도3460 노선,16,0,0,0,0,0,0,0,0,0,0,0,0,0,0,0,0,0,2025-06-05
시도,성남 시도3507 노선,68,0,0,0,0,0,0,0,0,0,0,0,0,0,0,0,0,0,2025-06-05
시도,성남 시도3508 노선,133,0,0,0,0,0,0,0,0,0,0,0,0,0,0,0,0,0,2025-06-05
시도,성남 시도3461 노선,34,0,0,0,0,0,0,0,0,0,0,0,0,0,0,0,0,0,2025-06-05
시도,성남 시도3462 노선,119,0,0,0,0,0,0,0,0,0,0,0,0,0,0,0,0,0,2025-06-05
시도,성남 시도3510 노선,41,0,0,0,0,0,0,0,0,0,0,0,0,0,0,0,0,0,2025-06-05
시도,성남 시도3463 노선,73,0,0,0,0,0,0,0,0,0,0,0,0,0,0,0,0,0,2025-06-05
시도,성남 시도3511 노선,95,0,0,0,0,0,0,0,0,0,0,0,0,0,0,0,0,0,2025-06-05
시도,성남 시도3465 노선,105,0,0,0,0,0,0,0,0,0,0,0,0,0,0,0,0,0,2025-06-05
시도,성남 시도3466 노선,9,0,0,0,0,0,0,0,0,0,0,0,0,0,0,0,0,0,2025-06-05
시도,성남 시도3468 노선,99,0,0,0,0,0,0,0,0,0,0,0,0,0,0,0,0,0,2025-06-05
시도,성남 시도3469 노선,216,0,0,0,0,0,0,0,0,0,0,0,0,0,0,0,0,0,2025-06-05
시도,성남 시도3470 노선,16,0,0,0,0,0,0,0,0,0,0,0,0,0,0,0,0,0,2025-06-05
시도,성남 시도3471 노선,178,0,0,0,0,0,0,0,0,0,0,0,0,0,0,0,0,0,2025-06-05
시도,성남 시도3437 노선,14,0,0,0,0,0,0,0,0,0,0,0,0,0,0,0,0,0,2025-06-05
시도,성남 시도3440 노선,123,0,0,0,0,0,0,0,0,0,0,0,0,0,0,0,0,0,2025-06-05
시도,성남 시도3467 노선,90,0,0,0,0,0,0,0,0,0,0,0,0,0,0,0,0,0,2025-06-05
시도,성남 시도3473 노선,200,0,0,0,0,0,0,0,0,0,0,0,0,0,0,0,0,0,2025-06-05
시도,성남 시도3477 노선,117,0,0,0,0,0,0,0,0,0,0,0,0,0,0,0,0,0,2025-06-05
시도,성남 시도3515 노선,82,0,0,0,0,0,0,0,0,0,0,0,0,0,0,0,0,0,2025-06-05
시도,성남 시도3478 노선,116,0,0,0,0,0,0,0,0,0,0,0,0,0,0,0,0,0,2025-06-05
시도,성남 시도3479 노선,179,0,0,0,0,0,0,0,0,0,0,0,0,0,0,0,0,0,2025-06-05
시도,성남 시도3480 노선,579,0,0,0,0,0,0,0,0,0,0,0,0,0,0,0,0,0,2025-06-05
시도,성남 시도3482 노선,126,0,0,0,0,0,0,0,0,0,0,0,0,0,0,0,0,0,2025-06-05
시도,성남 시도3483 노선,347,0,0,0,0,0,0,0,0,0,0,0,0,0,0,0,0,0,2025-06-05
시도,성남 시도3518 노선,66,0,0,0,0,0,0,0,0,0,0,0,0,0,0,0,0,0,2025-06-05
시도,성남 시도3485 노선,43,0,0,0,0,0,0,0,0,0,0,0,0,0,0,0,0,0,2025-06-05
시도,성남 시도3519 노선,58,0,0,0,0,0,0,0,0,0,0,0,0,0,0,0,0,0,2025-06-05
시도,성남 시도3486 노선,115,0,0,0,0,0,0,0,0,0,0,0,0,0,0,0,0,0,2025-06-05
시도,성남 시도3520 노선,243,0,0,0,0,0,0,0,0,0,0,0,0,0,0,0,0,0,2025-06-05
시도,성남 시도3487 노선,291,0,0,0,0,0,0,0,0,0,0,0,0,0,0,0,0,0,2025-06-05
시도,성남 시도3521 노선,72,0,0,0,0,0,0,0,0,0,0,0,0,0,0,0,0,0,2025-06-05
시도,성남 시도3522 노선,913,0,0,0,0,0,0,0,0,0,0,0,0,0,0,0,0,0,2025-06-05
시도,성남 시도3489 노선,56,0,0,0,0,0,0,0,0,0,0,0,0,0,0,0,0,0,2025-06-05
시도,성남 시도3451 노선,154,0,0,0,0,0,0,0,0,0,0,0,0,0,0,0,0,0,2025-06-05
시도,성남 시도3452 노선,80,0,0,0,0,0,0,0,0,0,0,0,0,0,0,0,0,0,2025-06-05
시도,성남 시도3455 노선,168,0,0,0,0,0,0,0,0,0,0,0,0,0,0,0,0,0,2025-06-05
시도,성남 시도3457 노선,123,0,0,0,0,0,0,0,0,0,0,0,0,0,0,0,0,0,2025-06-05
시도,성남 시도3504 노선,223,0,0,0,0,0,0,0,0,0,0,0,0,0,0,0,0,0,2025-06-05
시도,성남 시도3505 노선,306,0,0,0,0,0,0,0,0,0,0,0,0,0,0,0,0,0,2025-06-05
시도,성남 시도3506 노선,85,0,0,0,0,0,0,0,0,0,0,0,0,0,0,0,0,0,2025-06-05
시도,성남 시도3464 노선,115,0,0,0,0,0,0,0,0,0,0,0,0,0,0,0,0,0,2025-06-05
시도,성남 시도3474 노선,78,0,0,0,0,0,0,0,0,0,0,0,0,0,0,0,0,0,2025-06-05
시도,성남 시도3512 노선,761,0,0,0,0,0,0,0,0,0,0,0,0,0,0,0,0,0,2025-06-05
시도,성남 시도3513 노선,56,0,0,0,0,0,0,0,0,0,0,0,0,0,0,0,0,0,2025-06-05
시도,성남 시도3476 노선,109,0,0,0,0,0,0,0,0,0,0,0,0,0,0,0,0,0,2025-06-05
시도,성남 시도3514 노선,63,0,0,0,0,0,0,0,0,0,0,0,0,0,0,0,0,0,2025-06-05
시도,성남 시도3481 노선,385,0,0,0,0,0,0,0,0,0,0,0,0,0,0,0,0,0,2025-06-05
시도,성남 시도3516 노선,30,0,0,0,0,0,0,0,0,0,0,0,0,0,0,0,0,0,2025-06-05
시도,성남 시도3648 노선,88,0,0,0,0,0,0,0,0,0,0,0,0,0,0,0,0,0,2025-06-05
시도,성남 시도3663 노선,55,0,0,0,0,0,0,0,0,0,0,0,0,0,0,0,0,0,2025-06-05
시도,성남 시도3666 노선,37,0,0,0,0,0,0,0,0,0,0,0,0,0,0,0,0,0,2025-06-05
시도,성남 시도3670 노선,227,0,0,0,0,0,0,0,0,0,0,0,0,0,0,0,0,0,2025-06-05
시도,성남 시도3673 노선,201,0,0,0,0,0,0,0,0,0,0,0,0,0,0,0,0,0,2025-06-05
시도,성남 시도3679 노선,331,0,0,0,0,0,0,0,0,0,0,0,0,0,0,0,0,0,2025-06-05
시도,성남 시도3681 노선,134,0,0,0,0,0,0,0,0,0,0,0,0,0,0,0,0,0,2025-06-05
시도,성남 시도3683 노선,198,0,0,0,0,0,0,0,0,0,0,0,0,0,0,0,0,0,2025-06-05
시도,성남 시도3684 노선,195,0,0,0,0,0,0,0,0,0,0,0,0,0,0,0,0,0,2025-06-05
시도,성남 시도3687 노선,107,0,0,0,0,0,0,0,0,0,0,0,0,0,0,0,0,0,2025-06-05
시도,성남 시도3688 노선,74,0,0,0,0,0,0,0,0,0,0,0,0,0,0,0,0,0,2025-06-05
시도,성남 시도3689 노선,74,0,0,0,0,0,0,0,0,0,0,0,0,0,0,0,0,0,2025-06-05
시도,성남 시도3690 노선,93,0,0,0,0,0,0,0,0,0,0,0,0,0,0,0,0,0,2025-06-05
시도,성남 시도3695 노선,48,0,0,0,0,0,0,0,0,0,0,0,0,0,0,0,0,0,2025-06-05
시도,성남 시도3697 노선,144,0,0,0,0,0,0,0,0,0,0,0,0,0,0,0,0,0,2025-06-05
시도,성남 시도3698 노선,160,0,0,0,0,0,0,0,0,0,0,0,0,0,0,0,0,0,2025-06-05
시도,성남 시도3699 노선,158,0,0,0,0,0,0,0,0,0,0,0,0,0,0,0,0,0,2025-06-05
시도,성남 시도3701 노선,153,0,0,0,0,0,0,0,0,0,0,0,0,0,0,0,0,0,2025-06-05
시도,성남 시도3705 노선,72,0,0,0,0,0,0,0,0,0,0,0,0,0,0,0,0,0,2025-06-05
시도,성남 시도3707 노선,266,0,0,0,0,0,0,0,0,0,0,0,0,0,0,0,0,0,2025-06-05
시도,성남 시도3709 노선,36,0,0,0,0,0,0,0,0,0,0,0,0,0,0,0,0,0,2025-06-05
시도,성남 시도3674 노선,80,0,0,0,0,0,0,0,0,0,0,0,0,0,0,0,0,0,2025-06-05
시도,성남 시도3677 노선,151,0,0,0,0,0,0,0,0,0,0,0,0,0,0,0,0,0,2025-06-05
시도,성남 시도3678 노선,270,0,0,0,0,0,0,0,0,0,0,0,0,0,0,0,0,0,2025-06-05
시도,성남 시도3685 노선,111,0,0,0,0,0,0,0,0,0,0,0,0,0,0,0,0,0,2025-06-05
시도,성남 시도3702 노선,128,0,0,0,0,0,0,0,0,0,0,0,0,0,0,0,0,0,2025-06-05
시도,성남 시도3708 노선,20,0,0,0,0,0,0,0,0,0,0,0,0,0,0,0,0,0,2025-06-05
시도,성남 시도3680 노선,78,0,0,0,0,0,0,0,0,0,0,0,0,0,0,0,0,0,2025-06-05
시도,성남 시도3682 노선,175,0,0,0,0,0,0,0,0,0,0,0,0,0,0,0,0,0,2025-06-05
시도,성남 시도24 노선,0,0,0,0,0,0,0,4859,0,0,0,0,0,0,0,0,0,0,2025-06-05
시도,성남 시도3647 노선,88,0,0,0,0,0,0,0,0,0,0,0,0,0,0,0,0,0,2025-06-05
시도,성남 시도3649 노선,123,0,0,0,0,0,0,0,0,0,0,0,0,0,0,0,0,0,2025-06-05
시도,성남 시도3652 노선,171,0,0,0,0,0,0,0,0,0,0,0,0,0,0,0,0,0,2025-06-05
시도,성남 시도3653 노선,116,0,0,0,0,0,0,0,0,0,0,0,0,0,0,0,0,0,2025-06-05
시도,성남 시도3655 노선,116,0,0,0,0,0,0,0,0,0,0,0,0,0,0,0,0,0,2025-06-05
시도,성남 시도3658 노선,137,0,0,0,0,0,0,0,0,0,0,0,0,0,0,0,0,0,2025-06-05
시도,성남 시도3659 노선,137,0,0,0,0,0,0,0,0,0,0,0,0,0,0,0,0,0,2025-06-05
시도,성남 시도3660 노선,98,0,0,0,0,0,0,0,0,0,0,0,0,0,0,0,0,0,2025-06-05
시도,성남 시도3661 노선,98,0,0,0,0,0,0,0,0,0,0,0,0,0,0,0,0,0,2025-06-05
시도,성남 시도3662 노선,55,0,0,0,0,0,0,0,0,0,0,0,0,0,0,0,0,0,2025-06-05
시도,성남 시도3665 노선,37,0,0,0,0,0,0,0,0,0,0,0,0,0,0,0,0,0,2025-06-05
시도,성남 시도3646 노선,57,0,0,0,0,0,0,0,0,0,0,0,0,0,0,0,0,0,2025-06-05
시도,성남 시도3650 노선,273,0,0,0,0,0,0,0,0,0,0,0,0,0,0,0,0,0,2025-06-05
시도,성남 시도3651 노선,120,0,0,0,0,0,0,0,0,0,0,0,0,0,0,0,0,0,2025-06-05
시도,성남 시도3668 노선,136,0,0,0,0,0,0,0,0,0,0,0,0,0,0,0,0,0,2025-06-05
시도,성남 시도3676 노선,126,0,0,0,0,0,0,0,0,0,0,0,0,0,0,0,0,0,2025-06-05
시도,성남 시도3692 노선,24,0,0,0,0,0,0,0,0,0,0,0,0,0,0,0,0,0,2025-06-05
시도,성남 시도3696 노선,52,0,0,0,0,0,0,0,0,0,0,0,0,0,0,0,0,0,2025-06-05
시도,성남 시도3706 노선,150,0,0,0,0,0,0,0,0,0,0,0,0,0,0,0,0,0,2025-06-05
시도,성남 시도3643 노선,57,0,0,0,0,0,0,0,0,0,0,0,0,0,0,0,0,0,2025-06-05
시도,성남 시도3644 노선,57,0,0,0,0,0,0,0,0,0,0,0,0,0,0,0,0,0,2025-06-05
시도,성남 시도3645 노선,57,0,0,0,0,0,0,0,0,0,0,0,0,0,0,0,0,0,2025-06-05
시도,성남 시도3654 노선,120,0,0,0,0,0,0,0,0,0,0,0,0,0,0,0,0,0,2025-06-05
시도,성남 시도3656 노선,120,0,0,0,0,0,0,0,0,0,0,0,0,0,0,0,0,0,2025-06-05
시도,성남 시도3693 노선,20,0,0,0,0,0,0,0,0,0,0,0,0,0,0,0,0,0,2025-06-05
시도,성남 시도3694 노선,89,0,0,0,0,0,0,0,0,0,0,0,0,0,0,0,0,0,2025-06-05
시도,성남 시도3700 노선,82,0,0,0,0,0,0,0,0,0,0,0,0,0,0,0,0,0,2025-06-05
시도,성남 시도3703 노선,49,0,0,0,0,0,0,0,0,0,0,0,0,0,0,0,0,0,2025-06-05
시도,성남 시도3704 노선,60,0,0,0,0,0,0,0,0,0,0,0,0,0,0,0,0,0,2025-06-05
시도,성남 시도3657 노선,87,0,0,0,0,0,0,0,0,0,0,0,0,0,0,0,0,0,2025-06-05
시도,성남 시도3667 노선,37,0,0,0,0,0,0,0,0,0,0,0,0,0,0,0,0,0,2025-06-05
시도,성남 시도3669 노선,50,0,0,0,0,0,0,0,0,0,0,0,0,0,0,0,0,0,2025-06-05
시도,성남 시도3671 노선,100,0,0,0,0,0,0,0,0,0,0,0,0,0,0,0,0,0,2025-06-05
시도,성남 시도3686 노선,111,0,0,0,0,0,0,0,0,0,0,0,0,0,0,0,0,0,2025-06-05
시도,성남 시도3691 노선,49,0,0,0,0,0,0,0,0,0,0,0,0,0,0,0,0,0,2025-06-05
시도,성남 시도3711 노선,174,0,0,0,0,0,0,0,0,0,0,0,0,0,0,0,0,0,2025-06-05
시도,성남 시도3664 노선,55,0,0,0,0,0,0,0,0,0,0,0,0,0,0,0,0,0,2025-06-05
시도,성남 시도3672 노선,117,0,0,0,0,0,0,0,0,0,0,0,0,0,0,0,0,0,2025-06-05
시도,성남 시도3675 노선,150,0,0,0,0,0,0,0,0,0,0,0,0,0,0,0,0,0,2025-06-05
시도,성남 시도3710 노선,34,0,0,0,0,0,0,0,0,0,0,0,0,0,0,0,0,0,2025-06-05
시도,성남 시도1041 노선,0,368,0,0,0,0,0,0,0,0,0,0,0,0,0,0,0,0,2025-06-05
시도,성남 시도156 노선,0,0,0,334,0,0,0,0,0,0,0,0,0,0,0,0,0,0,2025-06-05
시도,성남 시도2135 노선,70,0,0,0,0,0,0,0,0,0,0,0,0,0,0,0,0,0,2025-06-05
시도,성남 시도4000(더미) 노선,0,0,0,72122,0,0,0,0,0,0,0,0,0,0,0,0,0,0,2025-06-05
시도,성남 시도2261 노선,130,0,0,0,0,0,0,0,0,0,0,0,0,0,0,0,0,0,2025-06-05
